0.000000000000000000e+00,0.000000000000000000e+00,-2.222222222222222329e-05,-2.222222222222222329e-05,0.000000000000000000e+00,0.000000000000000000e+00,0.000000000000000000e+00,0.000000000000000000e+00,0.000000000000000000e+00,0.000000000000000000e+00,-2.222222222222222329e-05,-2.222222222222222329e-05,0.000000000000000000e+00,0.000000000000000000e+00,0.000000000000000000e+00,0.000000000000000000e+00,0.000000000000000000e+00,-2.222222222222222329e-05,-2.222222222222222329e-05,0.000000000000000000e+00,0.000000000000000000e+00,0.000000000000000000e+00,2.222222222222222329e-05,2.222222222222222329e-05,0.000000000000000000e+00,2.222222222222222329e-05,2.222222222222222329e-05,0.000000000000000000e+00,0.000000000000000000e+00,0.000000000000000000e+00,0.000000000000000000e+00,0.000000000000000000e+00,-2.222222222222222329e-05,-2.222222222222222329e-05,-2.222222222222222329e-05,-4.444444444444444657e-05,-2.222222222222222329e-05,-2.222222222222222329e-05,-2.222222222222222329e-05,0.000000000000000000e+00,0.000000000000000000e+00,2.222222222222222329e-05,4.444444444444444657e-05,4.444444444444444657e-05,2.222222222222222329e-05,0.000000000000000000e+00,0.000000000000000000e+00,0.000000000000000000e+00,0.000000000000000000e+00,0.000000000000000000e+00,2.222222222222222329e-05,2.222222222222222329e-05,0.000000000000000000e+00,0.000000000000000000e+00,0.000000000000000000e+00,2.222222222222222329e-05,2.222222222222222329e-05,0.000000000000000000e+00,0.000000000000000000e+00,0.000000000000000000e+00
0.000000000000000000e+00,-2.222222222222222329e-05,-2.222222222222222329e-05,0.000000000000000000e+00,0.000000000000000000e+00,0.000000000000000000e+00,0.000000000000000000e+00,0.000000000000000000e+00,0.000000000000000000e+00,0.000000000000000000e+00,-2.222222222222222329e-05,-2.222222222222222329e-05,0.000000000000000000e+00,0.000000000000000000e+00,0.000000000000000000e+00,-2.222222222222222329e-05,-2.222222222222222329e-05,0.000000000000000000e+00,0.000000000000000000e+00,0.000000000000000000e+00,0.000000000000000000e+00,0.000000000000000000e+00,0.000000000000000000e+00,0.000000000000000000e+00,2.222222222222222329e-05,2.222222222222222329e-05,2.222222222222222329e-05,2.222222222222222329e-05,0.000000000000000000e+00,0.000000000000000000e+00,0.000000000000000000e+00,0.000000000000000000e+00,-2.222222222222222329e-05,-2.222222222222222329e-05,-2.222222222222222329e-05,-4.444444444444444657e-05,-2.222222222222222329e-05,-2.222222222222222329e-05,-4.444444444444444657e-05,-2.222222222222222329e-05,2.222222222222222329e-05,4.444444444444444657e-05,4.444444444444444657e-05,4.444444444444444657e-05,2.222222222222222329e-05,0.000000000000000000e+00,0.000000000000000000e+00,0.000000000000000000e+00,0.000000000000000000e+00,0.000000000000000000e+00,2.222222222222222329e-05,2.222222222222222329e-05,0.000000000000000000e+00,0.000000000000000000e+00,0.000000000000000000e+00,2.222222222222222329e-05,2.222222222222222329e-05,0.000000000000000000e+00,0.000000000000000000e+00,0.000000000000000000e+00
0.000000000000000000e+00,-2.222222222222222329e-05,-2.222222222222222329e-05,0.000000000000000000e+00,0.000000000000000000e+00,0.000000000000000000e+00,0.000000000000000000e+00,-2.222222222222222329e-05,0.000000000000000000e+00,2.222222222222222329e-05,-2.222222222222222329e-05,-2.222222222222222329e-05,0.000000000000000000e+00,0.000000000000000000e+00,0.000000000000000000e+00,-2.222222222222222329e-05,-2.222222222222222329e-05,-2.222222222222222329e-05,-2.222222222222222329e-05,0.000000000000000000e+00,0.000000000000000000e+00,0.000000000000000000e+00,0.000000000000000000e+00,2.222222222222222329e-05,4.444444444444444657e-05,2.222222222222222329e-05,2.222222222222222329e-05,2.222222222222222329e-05,0.000000000000000000e+00,0.000000000000000000e+00,0.000000000000000000e+00,0.000000000000000000e+00,0.000000000000000000e+00,-2.222222222222222329e-05,-4.444444444444444657e-05,-2.222222222222222329e-05,-2.222222222222222329e-05,-4.444444444444444657e-05,-2.222222222222222329e-05,-2.222222222222222329e-05,0.000000000000000000e+00,4.444444444444444657e-05,4.444444444444444657e-05,4.444444444444444657e-05,2.222222222222222329e-05,2.222222222222222329e-05,2.222222222222222329e-05,0.000000000000000000e+00,0.000000000000000000e+00,0.000000000000000000e+00,0.000000000000000000e+00,0.000000000000000000e+00,0.000000000000000000e+00,0.000000000000000000e+00,0.000000000000000000e+00,2.222222222222222329e-05,2.222222222222222329e-05,0.000000000000000000e+00,0.000000000000000000e+00,0.000000000000000000e+00
0.000000000000000000e+00,-2.222222222222222329e-05,-2.222222222222222329e-05,0.000000000000000000e+00,0.000000000000000000e+00,0.000000000000000000e+00,-2.222222222222222329e-05,-2.222222222222222329e-05,0.000000000000000000e+00,0.000000000000000000e+00,0.000000000000000000e+00,0.000000000000000000e+00,0.000000000000000000e+00,-2.222222222222222329e-05,-2.222222222222222329e-05,0.000000000000000000e+00,-2.222222222222222329e-05,-2.222222222222222329e-05,-2.222222222222222329e-05,-2.222222222222222329e-05,0.000000000000000000e+00,0.000000000000000000e+00,2.222222222222222329e-05,2.222222222222222329e-05,2.222222222222222329e-05,4.444444444444444657e-05,4.444444444444444657e-05,2.222222222222222329e-05,0.000000000000000000e+00,2.222222222222222329e-05,2.222222222222222329e-05,0.000000000000000000e+00,-2.222222222222222329e-05,-2.222222222222222329e-05,-2.222222222222222329e-05,-4.444444444444444657e-05,-2.222222222222222329e-05,-2.222222222222222329e-05,-4.444444444444444657e-05,-2.222222222222222329e-05,2.222222222222222329e-05,4.444444444444444657e-05,2.222222222222222329e-05,2.222222222222222329e-05,4.444444444444444657e-05,2.222222222222222329e-05,0.000000000000000000e+00,0.000000000000000000e+00,0.000000000000000000e+00,0.000000000000000000e+00,0.000000000000000000e+00,0.000000000000000000e+00,0.000000000000000000e+00,0.000000000000000000e+00,0.000000000000000000e+00,0.000000000000000000e+00,2.222222222222222329e-05,2.222222222222222329e-05,-2.222222222222222329e-05,-2.222222222222222329e-05
0.000000000000000000e+00,-2.222222222222222329e-05,-2.222222222222222329e-05,0.000000000000000000e+00,0.000000000000000000e+00,-2.222222222222222329e-05,-2.222222222222222329e-05,0.000000000000000000e+00,0.000000000000000000e+00,0.000000000000000000e+00,0.000000000000000000e+00,0.000000000000000000e+00,0.000000000000000000e+00,-2.222222222222222329e-05,-2.222222222222222329e-05,0.000000000000000000e+00,-2.222222222222222329e-05,-4.444444444444444657e-05,-2.222222222222222329e-05,-2.222222222222222329e-05,-2.222222222222222329e-05,0.000000000000000000e+00,2.222222222222222329e-05,4.444444444444444657e-05,4.444444444444444657e-05,4.444444444444444657e-05,4.444444444444444657e-05,2.222222222222222329e-05,0.000000000000000000e+00,2.222222222222222329e-05,2.222222222222222329e-05,0.000000000000000000e+00,-2.222222222222222329e-05,-2.222222222222222329e-05,0.000000000000000000e+00,-2.222222222222222329e-05,-2.222222222222222329e-05,-2.222222222222222329e-05,-4.444444444444444657e-05,-2.222222222222222329e-05,2.222222222222222329e-05,2.222222222222222329e-05,2.222222222222222329e-05,4.444444444444444657e-05,2.222222222222222329e-05,0.000000000000000000e+00,0.000000000000000000e+00,0.000000000000000000e+00,0.000000000000000000e+00,0.000000000000000000e+00,0.000000000000000000e+00,0.000000000000000000e+00,0.000000000000000000e+00,0.000000000000000000e+00,0.000000000000000000e+00,0.000000000000000000e+00,0.000000000000000000e+00,0.000000000000000000e+00,2.222222222222222329e-05,2.222222222222222329e-05
0.000000000000000000e+00,-2.222222222222222329e-05,-2.222222222222222329e-05,0.000000000000000000e+00,-2.222222222222222329e-05,-2.222222222222222329e-05,0.000000000000000000e+00,0.000000000000000000e+00,-2.222222222222222329e-05,-2.222222222222222329e-05,2.222222222222222329e-05,0.000000000000000000e+00,-2.222222222222222329e-05,0.000000000000000000e+00,0.000000000000000000e+00,0.000000000000000000e+00,-2.222222222222222329e-05,-4.444444444444444657e-05,-4.444444444444444657e-05,-4.444444444444444657e-05,-2.222222222222222329e-05,0.000000000000000000e+00,2.222222222222222329e-05,4.444444444444444657e-05,6.666666666666666986e-05,6.666666666666666986e-05,4.444444444444444657e-05,2.222222222222222329e-05,2.222222222222222329e-05,2.222222222222222329e-05,0.000000000000000000e+00,0.000000000000000000e+00,0.000000000000000000e+00,0.000000000000000000e+00,-2.222222222222222329e-05,-2.222222222222222329e-05,0.000000000000000000e+00,-2.222222222222222329e-05,-2.222222222222222329e-05,0.000000000000000000e+00,0.000000000000000000e+00,2.222222222222222329e-05,2.222222222222222329e-05,0.000000000000000000e+00,0.000000000000000000e+00,0.000000000000000000e+00,2.222222222222222329e-05,2.222222222222222329e-05,0.000000000000000000e+00,0.000000000000000000e+00,0.000000000000000000e+00,0.000000000000000000e+00,0.000000000000000000e+00,-2.222222222222222329e-05,-2.222222222222222329e-05,0.000000000000000000e+00,0.000000000000000000e+00,0.000000000000000000e+00,2.222222222222222329e-05,2.222222222222222329e-05
2.222222222222222329e-05,0.000000000000000000e+00,-2.222222222222222329e-05,0.000000000000000000e+00,-2.222222222222222329e-05,-2.222222222222222329e-05,-2.222222222222222329e-05,-2.222222222222222329e-05,0.000000000000000000e+00,0.000000000000000000e+00,0.000000000000000000e+00,0.000000000000000000e+00,0.000000000000000000e+00,0.000000000000000000e+00,0.000000000000000000e+00,0.000000000000000000e+00,-2.222222222222222329e-05,-4.444444444444444657e-05,-6.666666666666666986e-05,-4.444444444444444657e-05,-2.222222222222222329e-05,0.000000000000000000e+00,4.444444444444444657e-05,4.444444444444444657e-05,6.666666666666666986e-05,6.666666666666666986e-05,4.444444444444444657e-05,4.444444444444444657e-05,2.222222222222222329e-05,0.000000000000000000e+00,2.222222222222222329e-05,2.222222222222222329e-05,-2.222222222222222329e-05,-2.222222222222222329e-05,2.222222222222222329e-05,0.000000000000000000e+00,-2.222222222222222329e-05,0.000000000000000000e+00,0.000000000000000000e+00,0.000000000000000000e+00,0.000000000000000000e+00,0.000000000000000000e+00,0.000000000000000000e+00,0.000000000000000000e+00,0.000000000000000000e+00,0.000000000000000000e+00,0.000000000000000000e+00,0.000000000000000000e+00,0.000000000000000000e+00,0.000000000000000000e+00,0.000000000000000000e+00,0.000000000000000000e+00,-2.222222222222222329e-05,-2.222222222222222329e-05,0.000000000000000000e+00,0.000000000000000000e+00,0.000000000000000000e+00,0.000000000000000000e+00,0.000000000000000000e+00,0.000000000000000000e+00
0.000000000000000000e+00,0.000000000000000000e+00,0.000000000000000000e+00,-2.222222222222222329e-05,-2.222222222222222329e-05,-2.222222222222222329e-05,-2.222222222222222329e-05,0.000000000000000000e+00,-2.222222222222222329e-05,-2.222222222222222329e-05,0.000000000000000000e+00,2.222222222222222329e-05,2.222222222222222329e-05,0.000000000000000000e+00,0.000000000000000000e+00,0.000000000000000000e+00,-2.222222222222222329e-05,-4.444444444444444657e-05,-4.444444444444444657e-05,-4.444444444444444657e-05,-4.444444444444444657e-05,0.000000000000000000e+00,4.444444444444444657e-05,4.444444444444444657e-05,6.666666666666666986e-05,6.666666666666666986e-05,4.444444444444444657e-05,4.444444444444444657e-05,2.222222222222222329e-05,2.222222222222222329e-05,2.222222222222222329e-05,0.000000000000000000e+00,0.000000000000000000e+00,2.222222222222222329e-05,2.222222222222222329e-05,0.000000000000000000e+00,0.000000000000000000e+00,0.000000000000000000e+00,-2.222222222222222329e-05,-2.222222222222222329e-05,0.000000000000000000e+00,0.000000000000000000e+00,0.000000000000000000e+00,0.000000000000000000e+00,0.000000000000000000e+00,0.000000000000000000e+00,0.000000000000000000e+00,-2.222222222222222329e-05,-2.222222222222222329e-05,0.000000000000000000e+00,0.000000000000000000e+00,0.000000000000000000e+00,-2.222222222222222329e-05,-2.222222222222222329e-05,0.000000000000000000e+00,0.000000000000000000e+00,0.000000000000000000e+00,0.000000000000000000e+00,0.000000000000000000e+00,0.000000000000000000e+00
0.000000000000000000e+00,0.000000000000000000e+00,0.000000000000000000e+00,-2.222222222222222329e-05,-2.222222222222222329e-05,-2.222222222222222329e-05,-4.444444444444444657e-05,-2.222222222222222329e-05,-2.222222222222222329e-05,-2.222222222222222329e-05,2.222222222222222329e-05,2.222222222222222329e-05,2.222222222222222329e-05,2.222222222222222329e-05,0.000000000000000000e+00,0.000000000000000000e+00,-2.222222222222222329e-05,-4.444444444444444657e-05,-4.444444444444444657e-05,-4.444444444444444657e-05,-2.222222222222222329e-05,2.222222222222222329e-05,4.444444444444444657e-05,4.444444444444444657e-05,4.444444444444444657e-05,4.444444444444444657e-05,4.444444444444444657e-05,4.444444444444444657e-05,4.444444444444444657e-05,2.222222222222222329e-05,2.222222222222222329e-05,0.000000000000000000e+00,0.000000000000000000e+00,2.222222222222222329e-05,0.000000000000000000e+00,2.222222222222222329e-05,2.222222222222222329e-05,0.000000000000000000e+00,0.000000000000000000e+00,0.000000000000000000e+00,-2.222222222222222329e-05,-2.222222222222222329e-05,0.000000000000000000e+00,-2.222222222222222329e-05,-2.222222222222222329e-05,0.000000000000000000e+00,0.000000000000000000e+00,-2.222222222222222329e-05,-2.222222222222222329e-05,0.000000000000000000e+00,0.000000000000000000e+00,0.000000000000000000e+00,-2.222222222222222329e-05,-2.222222222222222329e-05,0.000000000000000000e+00,0.000000000000000000e+00,-2.222222222222222329e-05,0.000000000000000000e+00,2.222222222222222329e-05,0.000000000000000000e+00
0.000000000000000000e+00,0.000000000000000000e+00,0.000000000000000000e+00,-2.222222222222222329e-05,-2.222222222222222329e-05,-2.222222222222222329e-05,-4.444444444444444657e-05,-4.444444444444444657e-05,-4.444444444444444657e-05,-2.222222222222222329e-05,2.222222222222222329e-05,4.444444444444444657e-05,4.444444444444444657e-05,2.222222222222222329e-05,0.000000000000000000e+00,2.222222222222222329e-05,0.000000000000000000e+00,-4.444444444444444657e-05,-4.444444444444444657e-05,-2.222222222222222329e-05,0.000000000000000000e+00,0.000000000000000000e+00,2.222222222222222329e-05,4.444444444444444657e-05,4.444444444444444657e-05,4.444444444444444657e-05,4.444444444444444657e-05,4.444444444444444657e-05,2.222222222222222329e-05,2.222222222222222329e-05,2.222222222222222329e-05,0.000000000000000000e+00,0.000000000000000000e+00,2.222222222222222329e-05,2.222222222222222329e-05,2.222222222222222329e-05,2.222222222222222329e-05,0.000000000000000000e+00,0.000000000000000000e+00,0.000000000000000000e+00,0.000000000000000000e+00,-2.222222222222222329e-05,-4.444444444444444657e-05,-2.222222222222222329e-05,-2.222222222222222329e-05,0.000000000000000000e+00,0.000000000000000000e+00,-2.222222222222222329e-05,-2.222222222222222329e-05,-2.222222222222222329e-05,0.000000000000000000e+00,0.000000000000000000e+00,-2.222222222222222329e-05,-2.222222222222222329e-05,-2.222222222222222329e-05,-2.222222222222222329e-05,0.000000000000000000e+00,0.000000000000000000e+00,0.000000000000000000e+00,0.000000000000000000e+00
0.000000000000000000e+00,0.000000000000000000e+00,0.000000000000000000e+00,-2.222222222222222329e-05,-2.222222222222222329e-05,-2.222222222222222329e-05,-6.666666666666666986e-05,-6.666666666666666986e-05,-2.222222222222222329e-05,-2.222222222222222329e-05,0.000000000000000000e+00,4.444444444444444657e-05,4.444444444444444657e-05,4.444444444444444657e-05,4.444444444444444657e-05,2.222222222222222329e-05,0.000000000000000000e+00,0.000000000000000000e+00,-2.222222222222222329e-05,-4.444444444444444657e-05,-2.222222222222222329e-05,2.222222222222222329e-05,2.222222222222222329e-05,2.222222222222222329e-05,4.444444444444444657e-05,4.444444444444444657e-05,2.222222222222222329e-05,2.222222222222222329e-05,2.222222222222222329e-05,2.222222222222222329e-05,2.222222222222222329e-05,0.000000000000000000e+00,2.222222222222222329e-05,4.444444444444444657e-05,2.222222222222222329e-05,2.222222222222222329e-05,4.444444444444444657e-05,2.222222222222222329e-05,0.000000000000000000e+00,-2.222222222222222329e-05,-4.444444444444444657e-05,-2.222222222222222329e-05,-2.222222222222222329e-05,-4.444444444444444657e-05,-2.222222222222222329e-05,0.000000000000000000e+00,-2.222222222222222329e-05,-2.222222222222222329e-05,-2.222222222222222329e-05,-2.222222222222222329e-05,0.000000000000000000e+00,0.000000000000000000e+00,-2.222222222222222329e-05,-2.222222222222222329e-05,-2.222222222222222329e-05,-2.222222222222222329e-05,0.000000000000000000e+00,0.000000000000000000e+00,0.000000000000000000e+00,0.000000000000000000e+00
-2.222222222222222329e-05,-2.222222222222222329e-05,0.000000000000000000e+00,0.000000000000000000e+00,-2.222222222222222329e-05,-4.444444444444444657e-05,-6.666666666666666986e-05,-6.666666666666666986e-05,-4.444444444444444657e-05,-2.222222222222222329e-05,2.222222222222222329e-05,4.444444444444444657e-05,6.666666666666666986e-05,6.666666666666666986e-05,2.222222222222222329e-05,2.222222222222222329e-05,2.222222222222222329e-05,0.000000000000000000e+00,-2.222222222222222329e-05,-2.222222222222222329e-05,0.000000000000000000e+00,0.000000000000000000e+00,2.222222222222222329e-05,2.222222222222222329e-05,2.222222222222222329e-05,2.222222222222222329e-05,2.222222222222222329e-05,2.222222222222222329e-05,2.222222222222222329e-05,2.222222222222222329e-05,2.222222222222222329e-05,2.222222222222222329e-05,2.222222222222222329e-05,2.222222222222222329e-05,2.222222222222222329e-05,4.444444444444444657e-05,4.444444444444444657e-05,2.222222222222222329e-05,0.000000000000000000e+00,-2.222222222222222329e-05,-4.444444444444444657e-05,-4.444444444444444657e-05,-4.444444444444444657e-05,-2.222222222222222329e-05,-2.222222222222222329e-05,-2.222222222222222329e-05,0.000000000000000000e+00,-2.222222222222222329e-05,-4.444444444444444657e-05,-2.222222222222222329e-05,0.000000000000000000e+00,-2.222222222222222329e-05,-2.222222222222222329e-05,-2.222222222222222329e-05,-2.222222222222222329e-05,-2.222222222222222329e-05,-2.222222222222222329e-05,0.000000000000000000e+00,0.000000000000000000e+00,0.000000000000000000e+00
0.000000000000000000e+00,0.000000000000000000e+00,-2.222222222222222329e-05,-2.222222222222222329e-05,-2.222222222222222329e-05,-4.444444444444444657e-05,-4.444444444444444657e-05,-6.666666666666666986e-05,-6.666666666666666986e-05,-2.222222222222222329e-05,2.222222222222222329e-05,6.666666666666666986e-05,6.666666666666666986e-05,6.666666666666666986e-05,4.444444444444444657e-05,0.000000000000000000e+00,2.222222222222222329e-05,2.222222222222222329e-05,-2.222222222222222329e-05,-2.222222222222222329e-05,0.000000000000000000e+00,2.222222222222222329e-05,2.222222222222222329e-05,0.000000000000000000e+00,0.000000000000000000e+00,2.222222222222222329e-05,2.222222222222222329e-05,2.222222222222222329e-05,2.222222222222222329e-05,0.000000000000000000e+00,2.222222222222222329e-05,4.444444444444444657e-05,2.222222222222222329e-05,0.000000000000000000e+00,2.222222222222222329e-05,4.444444444444444657e-05,4.444444444444444657e-05,6.666666666666666986e-05,2.222222222222222329e-05,-4.444444444444444657e-05,-6.666666666666666986e-05,-6.666666666666666986e-05,-2.222222222222222329e-05,-2.222222222222222329e-05,-4.444444444444444657e-05,-2.222222222222222329e-05,0.000000000000000000e+00,-2.222222222222222329e-05,-4.444444444444444657e-05,-2.222222222222222329e-05,0.000000000000000000e+00,-2.222222222222222329e-05,-2.222222222222222329e-05,-2.222222222222222329e-05,-4.444444444444444657e-05,-2.222222222222222329e-05,-2.222222222222222329e-05,-2.222222222222222329e-05,0.000000000000000000e+00,0.000000000000000000e+00
0.000000000000000000e+00,0.000000000000000000e+00,0.000000000000000000e+00,0.000000000000000000e+00,-2.222222222222222329e-05,-4.444444444444444657e-05,-4.444444444444444657e-05,-4.444444444444444657e-05,-4.444444444444444657e-05,-2.222222222222222329e-05,2.222222222222222329e-05,4.444444444444444657e-05,4.444444444444444657e-05,4.444444444444444657e-05,4.444444444444444657e-05,2.222222222222222329e-05,2.222222222222222329e-05,2.222222222222222329e-05,-2.222222222222222329e-05,-2.222222222222222329e-05,0.000000000000000000e+00,2.222222222222222329e-05,2.222222222222222329e-05,0.000000000000000000e+00,0.000000000000000000e+00,0.000000000000000000e+00,2.222222222222222329e-05,2.222222222222222329e-05,0.000000000000000000e+00,2.222222222222222329e-05,2.222222222222222329e-05,2.222222222222222329e-05,2.222222222222222329e-05,0.000000000000000000e+00,2.222222222222222329e-05,4.444444444444444657e-05,4.444444444444444657e-05,4.444444444444444657e-05,2.222222222222222329e-05,-4.444444444444444657e-05,-6.666666666666666986e-05,-4.444444444444444657e-05,-2.222222222222222329e-05,-2.222222222222222329e-05,-4.444444444444444657e-05,-2.222222222222222329e-05,0.000000000000000000e+00,-2.222222222222222329e-05,-4.444444444444444657e-05,-2.222222222222222329e-05,0.000000000000000000e+00,-2.222222222222222329e-05,-2.222222222222222329e-05,-2.222222222222222329e-05,-4.444444444444444657e-05,-4.444444444444444657e-05,-4.444444444444444657e-05,-4.444444444444444657e-05,-2.222222222222222329e-05,0.000000000000000000e+00
0.000000000000000000e+00,0.000000000000000000e+00,0.000000000000000000e+00,2.222222222222222329e-05,0.000000000000000000e+00,-2.222222222222222329e-05,-2.222222222222222329e-05,-2.222222222222222329e-05,-2.222222222222222329e-05,-2.222222222222222329e-05,0.000000000000000000e+00,2.222222222222222329e-05,4.444444444444444657e-05,4.444444444444444657e-05,2.222222222222222329e-05,0.000000000000000000e+00,0.000000000000000000e+00,0.000000000000000000e+00,0.000000000000000000e+00,0.000000000000000000e+00,0.000000000000000000e+00,0.000000000000000000e+00,0.000000000000000000e+00,0.000000000000000000e+00,2.222222222222222329e-05,2.222222222222222329e-05,0.000000000000000000e+00,0.000000000000000000e+00,2.222222222222222329e-05,2.222222222222222329e-05,0.000000000000000000e+00,2.222222222222222329e-05,2.222222222222222329e-05,0.000000000000000000e+00,2.222222222222222329e-05,2.222222222222222329e-05,2.222222222222222329e-05,0.000000000000000000e+00,-6.666666666666666986e-05,-2.222222222222222329e-05,2.222222222222222329e-05,0.000000000000000000e+00,-2.222222222222222329e-05,-2.222222222222222329e-05,-2.222222222222222329e-05,-2.222222222222222329e-05,-2.222222222222222329e-05,-2.222222222222222329e-05,-2.222222222222222329e-05,-2.222222222222222329e-05,0.000000000000000000e+00,-2.222222222222222329e-05,-2.222222222222222329e-05,-2.222222222222222329e-05,-4.444444444444444657e-05,-6.666666666666666986e-05,-8.888888888888889315e-05,-8.888888888888889315e-05,-2.222222222222222329e-05,2.222222222222222329e-05
0.000000000000000000e+00,0.000000000000000000e+00,0.000000000000000000e+00,2.222222222222222329e-05,2.222222222222222329e-05,0.000000000000000000e+00,0.000000000000000000e+00,-2.222222222222222329e-05,-2.222222222222222329e-05,0.000000000000000000e+00,0.000000000000000000e+00,0.000000000000000000e+00,2.222222222222222329e-05,2.222222222222222329e-05,0.000000000000000000e+00,0.000000000000000000e+00,0.000000000000000000e+00,0.000000000000000000e+00,0.000000000000000000e+00,0.000000000000000000e+00,0.000000000000000000e+00,0.000000000000000000e+00,0.000000000000000000e+00,0.000000000000000000e+00,0.000000000000000000e+00,0.000000000000000000e+00,0.000000000000000000e+00,2.222222222222222329e-05,2.222222222222222329e-05,0.000000000000000000e+00,2.222222222222222329e-05,2.222222222222222329e-05,0.000000000000000000e+00,0.000000000000000000e+00,0.000000000000000000e+00,2.222222222222222329e-05,2.222222222222222329e-05,-2.222222222222222329e-05,-4.444444444444444657e-05,-2.222222222222222329e-05,2.222222222222222329e-05,2.222222222222222329e-05,-2.222222222222222329e-05,-2.222222222222222329e-05,-2.222222222222222329e-05,-4.444444444444444657e-05,-2.222222222222222329e-05,0.000000000000000000e+00,-2.222222222222222329e-05,-2.222222222222222329e-05,0.000000000000000000e+00,0.000000000000000000e+00,0.000000000000000000e+00,-2.222222222222222329e-05,-6.666666666666666986e-05,-8.888888888888889315e-05,-1.333333333333333397e-04,-1.333333333333333397e-04,0.000000000000000000e+00,4.444444444444444657e-05
0.000000000000000000e+00,0.000000000000000000e+00,2.222222222222222329e-05,2.222222222222222329e-05,2.222222222222222329e-05,4.444444444444444657e-05,2.222222222222222329e-05,2.222222222222222329e-05,2.222222222222222329e-05,0.000000000000000000e+00,-2.222222222222222329e-05,-2.222222222222222329e-05,-2.222222222222222329e-05,-2.222222222222222329e-05,0.000000000000000000e+00,-2.222222222222222329e-05,-2.222222222222222329e-05,0.000000000000000000e+00,0.000000000000000000e+00,0.000000000000000000e+00,0.000000000000000000e+00,0.000000000000000000e+00,0.000000000000000000e+00,0.000000000000000000e+00,0.000000000000000000e+00,2.222222222222222329e-05,2.222222222222222329e-05,0.000000000000000000e+00,0.000000000000000000e+00,0.000000000000000000e+00,2.222222222222222329e-05,2.222222222222222329e-05,0.000000000000000000e+00,0.000000000000000000e+00,2.222222222222222329e-05,2.222222222222222329e-05,-2.222222222222222329e-05,-2.222222222222222329e-05,0.000000000000000000e+00,-2.222222222222222329e-05,0.000000000000000000e+00,0.000000000000000000e+00,-2.222222222222222329e-05,0.000000000000000000e+00,-2.222222222222222329e-05,-2.222222222222222329e-05,-2.222222222222222329e-05,-4.444444444444444657e-05,-2.222222222222222329e-05,0.000000000000000000e+00,0.000000000000000000e+00,0.000000000000000000e+00,0.000000000000000000e+00,0.000000000000000000e+00,-4.444444444444444657e-05,-1.111111111111111029e-04,-1.111111111111111029e-04,-1.111111111111111029e-04,-2.222222222222222329e-05,4.444444444444444657e-05
0.000000000000000000e+00,2.222222222222222329e-05,2.222222222222222329e-05,2.222222222222222329e-05,4.444444444444444657e-05,4.444444444444444657e-05,6.666666666666666986e-05,6.666666666666666986e-05,4.444444444444444657e-05,0.000000000000000000e+00,-4.444444444444444657e-05,-4.444444444444444657e-05,-4.444444444444444657e-05,-4.444444444444444657e-05,-4.444444444444444657e-05,-2.222222222222222329e-05,0.000000000000000000e+00,-2.222222222222222329e-05,-2.222222222222222329e-05,0.000000000000000000e+00,0.000000000000000000e+00,0.000000000000000000e+00,0.000000000000000000e+00,0.000000000000000000e+00,2.222222222222222329e-05,2.222222222222222329e-05,0.000000000000000000e+00,0.000000000000000000e+00,2.222222222222222329e-05,0.000000000000000000e+00,0.000000000000000000e+00,2.222222222222222329e-05,0.000000000000000000e+00,0.000000000000000000e+00,0.000000000000000000e+00,0.000000000000000000e+00,0.000000000000000000e+00,0.000000000000000000e+00,0.000000000000000000e+00,0.000000000000000000e+00,-2.222222222222222329e-05,-2.222222222222222329e-05,0.000000000000000000e+00,-2.222222222222222329e-05,-2.222222222222222329e-05,0.000000000000000000e+00,-2.222222222222222329e-05,-4.444444444444444657e-05,-4.444444444444444657e-05,0.000000000000000000e+00,2.222222222222222329e-05,0.000000000000000000e+00,2.222222222222222329e-05,0.000000000000000000e+00,-4.444444444444444657e-05,-6.666666666666666986e-05,-8.888888888888889315e-05,-4.444444444444444657e-05,2.222222222222222329e-05,2.222222222222222329e-05
0.000000000000000000e+00,2.222222222222222329e-05,4.444444444444444657e-05,4.444444444444444657e-05,4.444444444444444657e-05,6.666666666666666986e-05,8.888888888888889315e-05,8.888888888888889315e-05,6.666666666666666986e-05,2.222222222222222329e-05,-4.444444444444444657e-05,-8.888888888888889315e-05,-8.888888888888889315e-05,-6.666666666666666986e-05,-4.444444444444444657e-05,-4.444444444444444657e-05,-2.222222222222222329e-05,0.000000000000000000e+00,-2.222222222222222329e-05,-2.222222222222222329e-05,0.000000000000000000e+00,0.000000000000000000e+00,0.000000000000000000e+00,2.222222222222222329e-05,2.222222222222222329e-05,0.000000000000000000e+00,0.000000000000000000e+00,2.222222222222222329e-05,2.222222222222222329e-05,0.000000000000000000e+00,0.000000000000000000e+00,0.000000000000000000e+00,0.000000000000000000e+00,0.000000000000000000e+00,0.000000000000000000e+00,0.000000000000000000e+00,0.000000000000000000e+00,0.000000000000000000e+00,0.000000000000000000e+00,0.000000000000000000e+00,-2.222222222222222329e-05,-2.222222222222222329e-05,0.000000000000000000e+00,0.000000000000000000e+00,-2.222222222222222329e-05,-2.222222222222222329e-05,-2.222222222222222329e-05,-4.444444444444444657e-05,-4.444444444444444657e-05,-2.222222222222222329e-05,0.000000000000000000e+00,0.000000000000000000e+00,2.222222222222222329e-05,0.000000000000000000e+00,-2.222222222222222329e-05,-2.222222222222222329e-05,-4.444444444444444657e-05,-6.666666666666666986e-05,2.222222222222222329e-05,6.666666666666666986e-05
0.000000000000000000e+00,2.222222222222222329e-05,4.444444444444444657e-05,4.444444444444444657e-05,4.444444444444444657e-05,8.888888888888889315e-05,1.111111111111111029e-04,8.888888888888889315e-05,8.888888888888889315e-05,4.444444444444444657e-05,-4.444444444444444657e-05,-1.111111111111111029e-04,-1.111111111111111029e-04,-8.888888888888889315e-05,-4.444444444444444657e-05,-2.222222222222222329e-05,-4.444444444444444657e-05,-2.222222222222222329e-05,0.000000000000000000e+00,-2.222222222222222329e-05,-2.222222222222222329e-05,0.000000000000000000e+00,2.222222222222222329e-05,2.222222222222222329e-05,0.000000000000000000e+00,0.000000000000000000e+00,2.222222222222222329e-05,2.222222222222222329e-05,0.000000000000000000e+00,0.000000000000000000e+00,0.000000000000000000e+00,0.000000000000000000e+00,0.000000000000000000e+00,0.000000000000000000e+00,0.000000000000000000e+00,0.000000000000000000e+00,0.000000000000000000e+00,0.000000000000000000e+00,0.000000000000000000e+00,0.000000000000000000e+00,-2.222222222222222329e-05,-2.222222222222222329e-05,0.000000000000000000e+00,0.000000000000000000e+00,-2.222222222222222329e-05,-2.222222222222222329e-05,-2.222222222222222329e-05,-4.444444444444444657e-05,-4.444444444444444657e-05,-4.444444444444444657e-05,-6.666666666666666986e-05,-6.666666666666666986e-05,0.000000000000000000e+00,6.666666666666666986e-05,6.666666666666666986e-05,2.222222222222222329e-05,-2.222222222222222329e-05,0.000000000000000000e+00,1.777777777777777863e-04,1.555555555555555630e-04
0.000000000000000000e+00,2.222222222222222329e-05,4.444444444444444657e-05,4.444444444444444657e-05,4.444444444444444657e-05,6.666666666666666986e-05,1.111111111111111029e-04,1.111111111111111029e-04,8.888888888888889315e-05,4.444444444444444657e-05,-4.444444444444444657e-05,-1.111111111111111029e-04,-1.111111111111111029e-04,-6.666666666666666986e-05,-4.444444444444444657e-05,-4.444444444444444657e-05,-2.222222222222222329e-05,-2.222222222222222329e-05,-2.222222222222222329e-05,0.000000000000000000e+00,0.000000000000000000e+00,0.000000000000000000e+00,0.000000000000000000e+00,2.222222222222222329e-05,2.222222222222222329e-05,0.000000000000000000e+00,2.222222222222222329e-05,2.222222222222222329e-05,0.000000000000000000e+00,-2.222222222222222329e-05,-2.222222222222222329e-05,0.000000000000000000e+00,0.000000000000000000e+00,0.000000000000000000e+00,2.222222222222222329e-05,2.222222222222222329e-05,-2.222222222222222329e-05,-2.222222222222222329e-05,0.000000000000000000e+00,0.000000000000000000e+00,-2.222222222222222329e-05,-2.222222222222222329e-05,0.000000000000000000e+00,0.000000000000000000e+00,-2.222222222222222329e-05,-2.222222222222222329e-05,-2.222222222222222329e-05,-4.444444444444444657e-05,-6.666666666666666986e-05,-6.666666666666666986e-05,-8.888888888888889315e-05,-1.333333333333333397e-04,-4.444444444444444657e-05,1.111111111111111029e-04,1.555555555555555630e-04,8.888888888888889315e-05,4.444444444444444657e-05,6.666666666666666986e-05,1.555555555555555630e-04,1.111111111111111029e-04
0.000000000000000000e+00,0.000000000000000000e+00,2.222222222222222329e-05,4.444444444444444657e-05,6.666666666666666986e-05,6.666666666666666986e-05,8.888888888888889315e-05,1.111111111111111029e-04,6.666666666666666986e-05,2.222222222222222329e-05,-4.444444444444444657e-05,-8.888888888888889315e-05,-8.888888888888889315e-05,-4.444444444444444657e-05,-2.222222222222222329e-05,-2.222222222222222329e-05,0.000000000000000000e+00,-2.222222222222222329e-05,-2.222222222222222329e-05,0.000000000000000000e+00,0.000000000000000000e+00,0.000000000000000000e+00,0.000000000000000000e+00,0.000000000000000000e+00,2.222222222222222329e-05,2.222222222222222329e-05,0.000000000000000000e+00,0.000000000000000000e+00,0.000000000000000000e+00,0.000000000000000000e+00,-2.222222222222222329e-05,-2.222222222222222329e-05,0.000000000000000000e+00,0.000000000000000000e+00,2.222222222222222329e-05,2.222222222222222329e-05,0.000000000000000000e+00,0.000000000000000000e+00,-2.222222222222222329e-05,-2.222222222222222329e-05,0.000000000000000000e+00,-2.222222222222222329e-05,-2.222222222222222329e-05,-2.222222222222222329e-05,-2.222222222222222329e-05,0.000000000000000000e+00,0.000000000000000000e+00,-4.444444444444444657e-05,-6.666666666666666986e-05,-6.666666666666666986e-05,-1.111111111111111029e-04,-1.333333333333333397e-04,-2.222222222222222329e-05,1.333333333333333397e-04,1.555555555555555630e-04,8.888888888888889315e-05,4.444444444444444657e-05,6.666666666666666986e-05,8.888888888888889315e-05,4.444444444444444657e-05
0.000000000000000000e+00,2.222222222222222329e-05,2.222222222222222329e-05,2.222222222222222329e-05,4.444444444444444657e-05,6.666666666666666986e-05,6.666666666666666986e-05,6.666666666666666986e-05,6.666666666666666986e-05,2.222222222222222329e-05,-2.222222222222222329e-05,-4.444444444444444657e-05,-4.444444444444444657e-05,-2.222222222222222329e-05,0.000000000000000000e+00,-2.222222222222222329e-05,-2.222222222222222329e-05,0.000000000000000000e+00,0.000000000000000000e+00,0.000000000000000000e+00,0.000000000000000000e+00,0.000000000000000000e+00,0.000000000000000000e+00,2.222222222222222329e-05,2.222222222222222329e-05,0.000000000000000000e+00,-2.222222222222222329e-05,-2.222222222222222329e-05,0.000000000000000000e+00,0.000000000000000000e+00,-2.222222222222222329e-05,-2.222222222222222329e-05,0.000000000000000000e+00,2.222222222222222329e-05,2.222222222222222329e-05,0.000000000000000000e+00,0.000000000000000000e+00,0.000000000000000000e+00,-2.222222222222222329e-05,-2.222222222222222329e-05,0.000000000000000000e+00,-2.222222222222222329e-05,-2.222222222222222329e-05,-2.222222222222222329e-05,-2.222222222222222329e-05,0.000000000000000000e+00,0.000000000000000000e+00,-2.222222222222222329e-05,-2.222222222222222329e-05,-4.444444444444444657e-05,-6.666666666666666986e-05,-4.444444444444444657e-05,0.000000000000000000e+00,6.666666666666666986e-05,8.888888888888889315e-05,6.666666666666666986e-05,4.444444444444444657e-05,2.222222222222222329e-05,2.222222222222222329e-05,2.222222222222222329e-05
0.000000000000000000e+00,0.000000000000000000e+00,0.000000000000000000e+00,2.222222222222222329e-05,4.444444444444444657e-05,2.222222222222222329e-05,4.444444444444444657e-05,6.666666666666666986e-05,4.444444444444444657e-05,2.222222222222222329e-05,0.000000000000000000e+00,0.000000000000000000e+00,0.000000000000000000e+00,0.000000000000000000e+00,0.000000000000000000e+00,0.000000000000000000e+00,-2.222222222222222329e-05,-2.222222222222222329e-05,0.000000000000000000e+00,0.000000000000000000e+00,2.222222222222222329e-05,2.222222222222222329e-05,2.222222222222222329e-05,2.222222222222222329e-05,0.000000000000000000e+00,0.000000000000000000e+00,-2.222222222222222329e-05,-4.444444444444444657e-05,-2.222222222222222329e-05,0.000000000000000000e+00,-2.222222222222222329e-05,-2.222222222222222329e-05,2.222222222222222329e-05,2.222222222222222329e-05,0.000000000000000000e+00,0.000000000000000000e+00,0.000000000000000000e+00,0.000000000000000000e+00,0.000000000000000000e+00,-2.222222222222222329e-05,-2.222222222222222329e-05,-2.222222222222222329e-05,-2.222222222222222329e-05,0.000000000000000000e+00,0.000000000000000000e+00,0.000000000000000000e+00,0.000000000000000000e+00,0.000000000000000000e+00,-2.222222222222222329e-05,-2.222222222222222329e-05,2.222222222222222329e-05,4.444444444444444657e-05,4.444444444444444657e-05,2.222222222222222329e-05,0.000000000000000000e+00,0.000000000000000000e+00,0.000000000000000000e+00,0.000000000000000000e+00,2.222222222222222329e-05,2.222222222222222329e-05
-2.222222222222222329e-05,-2.222222222222222329e-05,0.000000000000000000e+00,0.000000000000000000e+00,2.222222222222222329e-05,2.222222222222222329e-05,2.222222222222222329e-05,4.444444444444444657e-05,4.444444444444444657e-05,4.444444444444444657e-05,2.222222222222222329e-05,2.222222222222222329e-05,2.222222222222222329e-05,2.222222222222222329e-05,2.222222222222222329e-05,0.000000000000000000e+00,-2.222222222222222329e-05,-2.222222222222222329e-05,0.000000000000000000e+00,2.222222222222222329e-05,4.444444444444444657e-05,4.444444444444444657e-05,4.444444444444444657e-05,2.222222222222222329e-05,0.000000000000000000e+00,-2.222222222222222329e-05,-4.444444444444444657e-05,-4.444444444444444657e-05,-4.444444444444444657e-05,-2.222222222222222329e-05,-2.222222222222222329e-05,-2.222222222222222329e-05,2.222222222222222329e-05,2.222222222222222329e-05,0.000000000000000000e+00,2.222222222222222329e-05,2.222222222222222329e-05,0.000000000000000000e+00,-2.222222222222222329e-05,-4.444444444444444657e-05,-2.222222222222222329e-05,-2.222222222222222329e-05,-2.222222222222222329e-05,0.000000000000000000e+00,0.000000000000000000e+00,0.000000000000000000e+00,0.000000000000000000e+00,2.222222222222222329e-05,2.222222222222222329e-05,2.222222222222222329e-05,8.888888888888889315e-05,1.333333333333333397e-04,1.111111111111111029e-04,-2.222222222222222329e-05,-1.111111111111111029e-04,-6.666666666666666986e-05,-2.222222222222222329e-05,0.000000000000000000e+00,0.000000000000000000e+00,0.000000000000000000e+00
0.000000000000000000e+00,0.000000000000000000e+00,-2.222222222222222329e-05,-2.222222222222222329e-05,-2.222222222222222329e-05,-2.222222222222222329e-05,2.222222222222222329e-05,4.444444444444444657e-05,6.666666666666666986e-05,6.666666666666666986e-05,4.444444444444444657e-05,4.444444444444444657e-05,4.444444444444444657e-05,2.222222222222222329e-05,2.222222222222222329e-05,0.000000000000000000e+00,-2.222222222222222329e-05,0.000000000000000000e+00,2.222222222222222329e-05,4.444444444444444657e-05,4.444444444444444657e-05,6.666666666666666986e-05,6.666666666666666986e-05,2.222222222222222329e-05,-2.222222222222222329e-05,-4.444444444444444657e-05,-6.666666666666666986e-05,-6.666666666666666986e-05,-4.444444444444444657e-05,-2.222222222222222329e-05,-2.222222222222222329e-05,0.000000000000000000e+00,2.222222222222222329e-05,0.000000000000000000e+00,2.222222222222222329e-05,2.222222222222222329e-05,0.000000000000000000e+00,0.000000000000000000e+00,-2.222222222222222329e-05,-4.444444444444444657e-05,-4.444444444444444657e-05,-2.222222222222222329e-05,0.000000000000000000e+00,0.000000000000000000e+00,0.000000000000000000e+00,0.000000000000000000e+00,2.222222222222222329e-05,2.222222222222222329e-05,2.222222222222222329e-05,6.666666666666666986e-05,1.111111111111111029e-04,1.777777777777777863e-04,1.555555555555555630e-04,-2.222222222222222329e-05,-1.555555555555555630e-04,-1.111111111111111029e-04,-2.222222222222222329e-05,0.000000000000000000e+00,-2.222222222222222329e-05,-2.222222222222222329e-05
-2.222222222222222329e-05,-2.222222222222222329e-05,-2.222222222222222329e-05,-4.444444444444444657e-05,-4.444444444444444657e-05,-2.222222222222222329e-05,0.000000000000000000e+00,2.222222222222222329e-05,6.666666666666666986e-05,8.888888888888889315e-05,6.666666666666666986e-05,6.666666666666666986e-05,6.666666666666666986e-05,2.222222222222222329e-05,2.222222222222222329e-05,2.222222222222222329e-05,0.000000000000000000e+00,0.000000000000000000e+00,2.222222222222222329e-05,4.444444444444444657e-05,6.666666666666666986e-05,8.888888888888889315e-05,8.888888888888889315e-05,4.444444444444444657e-05,-2.222222222222222329e-05,-6.666666666666666986e-05,-8.888888888888889315e-05,-8.888888888888889315e-05,-6.666666666666666986e-05,-2.222222222222222329e-05,0.000000000000000000e+00,0.000000000000000000e+00,0.000000000000000000e+00,2.222222222222222329e-05,2.222222222222222329e-05,0.000000000000000000e+00,0.000000000000000000e+00,0.000000000000000000e+00,-2.222222222222222329e-05,-6.666666666666666986e-05,-6.666666666666666986e-05,-2.222222222222222329e-05,0.000000000000000000e+00,2.222222222222222329e-05,2.222222222222222329e-05,2.222222222222222329e-05,2.222222222222222329e-05,2.222222222222222329e-05,4.444444444444444657e-05,4.444444444444444657e-05,8.888888888888889315e-05,1.333333333333333397e-04,1.111111111111111029e-04,-2.222222222222222329e-05,-1.111111111111111029e-04,-4.444444444444444657e-05,2.222222222222222329e-05,2.222222222222222329e-05,-2.222222222222222329e-05,-2.222222222222222329e-05
0.000000000000000000e+00,-2.222222222222222329e-05,-4.444444444444444657e-05,-6.666666666666666986e-05,-6.666666666666666986e-05,-4.444444444444444657e-05,-2.222222222222222329e-05,2.222222222222222329e-05,8.888888888888889315e-05,1.111111111111111029e-04,8.888888888888889315e-05,6.666666666666666986e-05,6.666666666666666986e-05,4.444444444444444657e-05,2.222222222222222329e-05,2.222222222222222329e-05,0.000000000000000000e+00,2.222222222222222329e-05,2.222222222222222329e-05,4.444444444444444657e-05,8.888888888888889315e-05,8.888888888888889315e-05,8.888888888888889315e-05,6.666666666666666986e-05,-2.222222222222222329e-05,-1.111111111111111029e-04,-1.111111111111111029e-04,-6.666666666666666986e-05,-4.444444444444444657e-05,-2.222222222222222329e-05,0.000000000000000000e+00,0.000000000000000000e+00,0.000000000000000000e+00,2.222222222222222329e-05,4.444444444444444657e-05,4.444444444444444657e-05,2.222222222222222329e-05,-2.222222222222222329e-05,-6.666666666666666986e-05,-1.111111111111111029e-04,-1.111111111111111029e-04,-4.444444444444444657e-05,4.444444444444444657e-05,6.666666666666666986e-05,2.222222222222222329e-05,2.222222222222222329e-05,2.222222222222222329e-05,2.222222222222222329e-05,4.444444444444444657e-05,4.444444444444444657e-05,4.444444444444444657e-05,4.444444444444444657e-05,4.444444444444444657e-05,-2.222222222222222329e-05,-4.444444444444444657e-05,4.444444444444444657e-05,1.333333333333333397e-04,6.666666666666666986e-05,-6.666666666666666986e-05,-4.444444444444444657e-05
0.000000000000000000e+00,-2.222222222222222329e-05,-4.444444444444444657e-05,-6.666666666666666986e-05,-1.111111111111111029e-04,-1.111111111111111029e-04,-4.444444444444444657e-05,4.444444444444444657e-05,1.111111111111111029e-04,1.333333333333333397e-04,1.111111111111111029e-04,6.666666666666666986e-05,6.666666666666666986e-05,4.444444444444444657e-05,2.222222222222222329e-05,2.222222222222222329e-05,2.222222222222222329e-05,2.222222222222222329e-05,2.222222222222222329e-05,4.444444444444444657e-05,6.666666666666666986e-05,8.888888888888889315e-05,8.888888888888889315e-05,4.444444444444444657e-05,-4.444444444444444657e-05,-8.888888888888889315e-05,-8.888888888888889315e-05,-6.666666666666666986e-05,-4.444444444444444657e-05,-2.222222222222222329e-05,0.000000000000000000e+00,0.000000000000000000e+00,2.222222222222222329e-05,4.444444444444444657e-05,6.666666666666666986e-05,6.666666666666666986e-05,6.666666666666666986e-05,-2.222222222222222329e-05,-1.555555555555555630e-04,-1.777777777777777863e-04,-1.333333333333333397e-04,-4.444444444444444657e-05,8.888888888888889315e-05,1.333333333333333397e-04,4.444444444444444657e-05,2.222222222222222329e-05,0.000000000000000000e+00,0.000000000000000000e+00,2.222222222222222329e-05,2.222222222222222329e-05,2.222222222222222329e-05,0.000000000000000000e+00,-2.222222222222222329e-05,-4.444444444444444657e-05,0.000000000000000000e+00,1.111111111111111029e-04,1.777777777777777863e-04,8.888888888888889315e-05,-2.222222222222222329e-05,-2.222222222222222329e-05
0.000000000000000000e+00,-2.222222222222222329e-05,-4.444444444444444657e-05,-6.666666666666666986e-05,-1.111111111111111029e-04,-1.111111111111111029e-04,-6.666666666666666986e-05,4.444444444444444657e-05,1.333333333333333397e-04,1.111111111111111029e-04,1.111111111111111029e-04,8.888888888888889315e-05,4.444444444444444657e-05,4.444444444444444657e-05,2.222222222222222329e-05,0.000000000000000000e+00,2.222222222222222329e-05,2.222222222222222329e-05,2.222222222222222329e-05,4.444444444444444657e-05,4.444444444444444657e-05,6.666666666666666986e-05,6.666666666666666986e-05,0.000000000000000000e+00,-4.444444444444444657e-05,-4.444444444444444657e-05,-6.666666666666666986e-05,-4.444444444444444657e-05,-2.222222222222222329e-05,-2.222222222222222329e-05,0.000000000000000000e+00,2.222222222222222329e-05,4.444444444444444657e-05,4.444444444444444657e-05,4.444444444444444657e-05,6.666666666666666986e-05,6.666666666666666986e-05,-2.222222222222222329e-05,-1.555555555555555630e-04,-1.777777777777777863e-04,-1.333333333333333397e-04,-2.222222222222222329e-05,1.777777777777777863e-04,1.555555555555555630e-04,0.000000000000000000e+00,-2.222222222222222329e-05,0.000000000000000000e+00,0.000000000000000000e+00,0.000000000000000000e+00,0.000000000000000000e+00,-2.222222222222222329e-05,-4.444444444444444657e-05,-4.444444444444444657e-05,-6.666666666666666986e-05,-4.444444444444444657e-05,1.111111111111111029e-04,2.222222222222222058e-04,1.777777777777777863e-04,8.888888888888889315e-05,2.222222222222222329e-05
0.000000000000000000e+00,-2.222222222222222329e-05,-4.444444444444444657e-05,-4.444444444444444657e-05,-6.666666666666666986e-05,-8.888888888888889315e-05,-6.666666666666666986e-05,2.222222222222222329e-05,1.111111111111111029e-04,1.111111111111111029e-04,8.888888888888889315e-05,6.666666666666666986e-05,2.222222222222222329e-05,2.222222222222222329e-05,2.222222222222222329e-05,2.222222222222222329e-05,2.222222222222222329e-05,2.222222222222222329e-05,2.222222222222222329e-05,2.222222222222222329e-05,4.444444444444444657e-05,2.222222222222222329e-05,0.000000000000000000e+00,0.000000000000000000e+00,-2.222222222222222329e-05,-4.444444444444444657e-05,-2.222222222222222329e-05,-2.222222222222222329e-05,-2.222222222222222329e-05,0.000000000000000000e+00,0.000000000000000000e+00,2.222222222222222329e-05,4.444444444444444657e-05,4.444444444444444657e-05,4.444444444444444657e-05,6.666666666666666986e-05,4.444444444444444657e-05,-4.444444444444444657e-05,-1.333333333333333397e-04,-1.555555555555555630e-04,-1.333333333333333397e-04,2.222222222222222329e-05,4.000000000000000192e-04,2.000000000000000096e-04,-1.777777777777777863e-04,-8.888888888888889315e-05,-2.222222222222222329e-05,0.000000000000000000e+00,0.000000000000000000e+00,-2.222222222222222329e-05,-4.444444444444444657e-05,-4.444444444444444657e-05,-6.666666666666666986e-05,-6.666666666666666986e-05,-4.444444444444444657e-05,4.444444444444444657e-05,2.222222222222222058e-04,3.111111111111111260e-04,1.777777777777777863e-04,2.222222222222222329e-05
0.000000000000000000e+00,0.000000000000000000e+00,-2.222222222222222329e-05,-4.444444444444444657e-05,-4.444444444444444657e-05,-4.444444444444444657e-05,-2.222222222222222329e-05,2.222222222222222329e-05,6.666666666666666986e-05,6.666666666666666986e-05,4.444444444444444657e-05,4.444444444444444657e-05,2.222222222222222329e-05,2.222222222222222329e-05,2.222222222222222329e-05,0.000000000000000000e+00,2.222222222222222329e-05,2.222222222222222329e-05,0.000000000000000000e+00,2.222222222222222329e-05,2.222222222222222329e-05,0.000000000000000000e+00,0.000000000000000000e+00,-2.222222222222222329e-05,-2.222222222222222329e-05,-2.222222222222222329e-05,-2.222222222222222329e-05,0.000000000000000000e+00,0.000000000000000000e+00,0.000000000000000000e+00,0.000000000000000000e+00,2.222222222222222329e-05,4.444444444444444657e-05,4.444444444444444657e-05,4.444444444444444657e-05,4.444444444444444657e-05,0.000000000000000000e+00,-4.444444444444444657e-05,-8.888888888888889315e-05,-1.333333333333333397e-04,-1.555555555555555630e-04,-4.444444444444444657e-05,3.555555555555555726e-04,2.666666666666666794e-04,-8.888888888888889315e-05,-6.666666666666666986e-05,-2.222222222222222329e-05,0.000000000000000000e+00,-2.222222222222222329e-05,-2.222222222222222329e-05,-2.222222222222222329e-05,-6.666666666666666986e-05,-8.888888888888889315e-05,-8.888888888888889315e-05,-1.333333333333333397e-04,0.000000000000000000e+00,2.666666666666666794e-04,3.333333333333333222e-04,1.777777777777777863e-04,2.222222222222222329e-05
-2.222222222222222329e-05,-2.222222222222222329e-05,0.000000000000000000e+00,0.000000000000000000e+00,0.000000000000000000e+00,-2.222222222222222329e-05,0.000000000000000000e+00,2.222222222222222329e-05,2.222222222222222329e-05,2.222222222222222329e-05,2.222222222222222329e-05,2.222222222222222329e-05,2.222222222222222329e-05,2.222222222222222329e-05,0.000000000000000000e+00,0.000000000000000000e+00,0.000000000000000000e+00,0.000000000000000000e+00,0.000000000000000000e+00,0.000000000000000000e+00,0.000000000000000000e+00,0.000000000000000000e+00,0.000000000000000000e+00,-2.222222222222222329e-05,-2.222222222222222329e-05,0.000000000000000000e+00,0.000000000000000000e+00,0.000000000000000000e+00,2.222222222222222329e-05,0.000000000000000000e+00,-2.222222222222222329e-05,2.222222222222222329e-05,4.444444444444444657e-05,4.444444444444444657e-05,4.444444444444444657e-05,2.222222222222222329e-05,0.000000000000000000e+00,-2.222222222222222329e-05,-6.666666666666666986e-05,-8.888888888888889315e-05,-6.666666666666666986e-05,2.222222222222222329e-05,1.333333333333333397e-04,1.333333333333333397e-04,2.222222222222222329e-05,-2.222222222222222329e-05,0.000000000000000000e+00,0.000000000000000000e+00,-2.222222222222222329e-05,-2.222222222222222329e-05,-2.222222222222222329e-05,-6.666666666666666986e-05,-8.888888888888889315e-05,-8.888888888888889315e-05,-1.111111111111111029e-04,2.222222222222222329e-05,2.222222222222222058e-04,2.444444444444444291e-04,1.777777777777777863e-04,6.666666666666666986e-05
0.000000000000000000e+00,0.000000000000000000e+00,0.000000000000000000e+00,0.000000000000000000e+00,0.000000000000000000e+00,0.000000000000000000e+00,2.222222222222222329e-05,2.222222222222222329e-05,0.000000000000000000e+00,0.000000000000000000e+00,0.000000000000000000e+00,2.222222222222222329e-05,2.222222222222222329e-05,0.000000000000000000e+00,0.000000000000000000e+00,0.000000000000000000e+00,0.000000000000000000e+00,-2.222222222222222329e-05,-2.222222222222222329e-05,0.000000000000000000e+00,0.000000000000000000e+00,-2.222222222222222329e-05,-2.222222222222222329e-05,0.000000000000000000e+00,0.000000000000000000e+00,0.000000000000000000e+00,0.000000000000000000e+00,2.222222222222222329e-05,2.222222222222222329e-05,0.000000000000000000e+00,0.000000000000000000e+00,2.222222222222222329e-05,4.444444444444444657e-05,2.222222222222222329e-05,2.222222222222222329e-05,2.222222222222222329e-05,0.000000000000000000e+00,0.000000000000000000e+00,-2.222222222222222329e-05,-4.444444444444444657e-05,-4.444444444444444657e-05,2.222222222222222329e-05,6.666666666666666986e-05,4.444444444444444657e-05,4.444444444444444657e-05,2.222222222222222329e-05,0.000000000000000000e+00,0.000000000000000000e+00,-2.222222222222222329e-05,-2.222222222222222329e-05,-2.222222222222222329e-05,-4.444444444444444657e-05,-4.444444444444444657e-05,-6.666666666666666986e-05,-4.444444444444444657e-05,4.444444444444444657e-05,1.333333333333333397e-04,2.000000000000000096e-04,1.777777777777777863e-04,6.666666666666666986e-05
0.000000000000000000e+00,0.000000000000000000e+00,0.000000000000000000e+00,0.000000000000000000e+00,0.000000000000000000e+00,4.444444444444444657e-05,6.666666666666666986e-05,2.222222222222222329e-05,-2.222222222222222329e-05,-2.222222222222222329e-05,0.000000000000000000e+00,0.000000000000000000e+00,0.000000000000000000e+00,0.000000000000000000e+00,0.000000000000000000e+00,0.000000000000000000e+00,-2.222222222222222329e-05,-2.222222222222222329e-05,0.000000000000000000e+00,-2.222222222222222329e-05,-2.222222222222222329e-05,-2.222222222222222329e-05,-2.222222222222222329e-05,0.000000000000000000e+00,0.000000000000000000e+00,0.000000000000000000e+00,0.000000000000000000e+00,2.222222222222222329e-05,4.444444444444444657e-05,2.222222222222222329e-05,2.222222222222222329e-05,2.222222222222222329e-05,0.000000000000000000e+00,2.222222222222222329e-05,4.444444444444444657e-05,2.222222222222222329e-05,0.000000000000000000e+00,-2.222222222222222329e-05,-2.222222222222222329e-05,0.000000000000000000e+00,0.000000000000000000e+00,0.000000000000000000e+00,2.222222222222222329e-05,4.444444444444444657e-05,2.222222222222222329e-05,2.222222222222222329e-05,2.222222222222222329e-05,0.000000000000000000e+00,-2.222222222222222329e-05,-2.222222222222222329e-05,0.000000000000000000e+00,-2.222222222222222329e-05,-4.444444444444444657e-05,-2.222222222222222329e-05,0.000000000000000000e+00,4.444444444444444657e-05,1.111111111111111029e-04,1.555555555555555630e-04,1.777777777777777863e-04,8.888888888888889315e-05
0.000000000000000000e+00,0.000000000000000000e+00,0.000000000000000000e+00,-2.222222222222222329e-05,-2.222222222222222329e-05,6.666666666666666986e-05,1.333333333333333397e-04,4.444444444444444657e-05,-4.444444444444444657e-05,-2.222222222222222329e-05,0.000000000000000000e+00,0.000000000000000000e+00,0.000000000000000000e+00,0.000000000000000000e+00,-2.222222222222222329e-05,-2.222222222222222329e-05,-2.222222222222222329e-05,-4.444444444444444657e-05,-2.222222222222222329e-05,-2.222222222222222329e-05,-2.222222222222222329e-05,-2.222222222222222329e-05,-4.444444444444444657e-05,-2.222222222222222329e-05,2.222222222222222329e-05,2.222222222222222329e-05,0.000000000000000000e+00,2.222222222222222329e-05,4.444444444444444657e-05,4.444444444444444657e-05,2.222222222222222329e-05,2.222222222222222329e-05,2.222222222222222329e-05,2.222222222222222329e-05,2.222222222222222329e-05,2.222222222222222329e-05,2.222222222222222329e-05,0.000000000000000000e+00,-2.222222222222222329e-05,-2.222222222222222329e-05,0.000000000000000000e+00,2.222222222222222329e-05,4.444444444444444657e-05,2.222222222222222329e-05,2.222222222222222329e-05,2.222222222222222329e-05,0.000000000000000000e+00,0.000000000000000000e+00,0.000000000000000000e+00,0.000000000000000000e+00,-2.222222222222222329e-05,-2.222222222222222329e-05,0.000000000000000000e+00,-2.222222222222222329e-05,0.000000000000000000e+00,6.666666666666666986e-05,8.888888888888889315e-05,1.111111111111111029e-04,1.333333333333333397e-04,6.666666666666666986e-05
0.000000000000000000e+00,0.000000000000000000e+00,0.000000000000000000e+00,0.000000000000000000e+00,0.000000000000000000e+00,6.666666666666666986e-05,1.111111111111111029e-04,2.222222222222222329e-05,-4.444444444444444657e-05,-2.222222222222222329e-05,2.222222222222222329e-05,2.222222222222222329e-05,0.000000000000000000e+00,-2.222222222222222329e-05,-4.444444444444444657e-05,-2.222222222222222329e-05,-2.222222222222222329e-05,-4.444444444444444657e-05,-2.222222222222222329e-05,-2.222222222222222329e-05,-4.444444444444444657e-05,-4.444444444444444657e-05,-6.666666666666666986e-05,-8.888888888888889315e-05,-6.666666666666666986e-05,2.222222222222222329e-05,8.888888888888889315e-05,8.888888888888889315e-05,6.666666666666666986e-05,6.666666666666666986e-05,4.444444444444444657e-05,2.222222222222222329e-05,2.222222222222222329e-05,2.222222222222222329e-05,2.222222222222222329e-05,0.000000000000000000e+00,0.000000000000000000e+00,0.000000000000000000e+00,0.000000000000000000e+00,0.000000000000000000e+00,2.222222222222222329e-05,2.222222222222222329e-05,2.222222222222222329e-05,2.222222222222222329e-05,2.222222222222222329e-05,2.222222222222222329e-05,0.000000000000000000e+00,0.000000000000000000e+00,0.000000000000000000e+00,0.000000000000000000e+00,0.000000000000000000e+00,0.000000000000000000e+00,0.000000000000000000e+00,0.000000000000000000e+00,0.000000000000000000e+00,2.222222222222222329e-05,6.666666666666666986e-05,1.111111111111111029e-04,1.111111111111111029e-04,4.444444444444444657e-05
0.000000000000000000e+00,0.000000000000000000e+00,0.000000000000000000e+00,0.000000000000000000e+00,2.222222222222222329e-05,4.444444444444444657e-05,4.444444444444444657e-05,2.222222222222222329e-05,0.000000000000000000e+00,2.222222222222222329e-05,6.666666666666666986e-05,4.444444444444444657e-05,-2.222222222222222329e-05,-6.666666666666666986e-05,-6.666666666666666986e-05,-4.444444444444444657e-05,-4.444444444444444657e-05,-2.222222222222222329e-05,-2.222222222222222329e-05,-4.444444444444444657e-05,-4.444444444444444657e-05,-4.444444444444444657e-05,-6.666666666666666986e-05,-1.111111111111111029e-04,-1.111111111111111029e-04,0.000000000000000000e+00,1.333333333333333397e-04,1.333333333333333397e-04,8.888888888888889315e-05,6.666666666666666986e-05,4.444444444444444657e-05,4.444444444444444657e-05,2.222222222222222329e-05,2.222222222222222329e-05,2.222222222222222329e-05,0.000000000000000000e+00,2.222222222222222329e-05,2.222222222222222329e-05,-2.222222222222222329e-05,-2.222222222222222329e-05,2.222222222222222329e-05,4.444444444444444657e-05,2.222222222222222329e-05,0.000000000000000000e+00,2.222222222222222329e-05,2.222222222222222329e-05,2.222222222222222329e-05,2.222222222222222329e-05,0.000000000000000000e+00,0.000000000000000000e+00,-2.222222222222222329e-05,-2.222222222222222329e-05,0.000000000000000000e+00,2.222222222222222329e-05,2.222222222222222329e-05,2.222222222222222329e-05,4.444444444444444657e-05,6.666666666666666986e-05,6.666666666666666986e-05,2.222222222222222329e-05
0.000000000000000000e+00,0.000000000000000000e+00,0.000000000000000000e+00,2.222222222222222329e-05,2.222222222222222329e-05,2.222222222222222329e-05,2.222222222222222329e-05,0.000000000000000000e+00,0.000000000000000000e+00,2.222222222222222329e-05,1.333333333333333397e-04,1.777777777777777863e-04,-6.666666666666666986e-05,-1.777777777777777863e-04,-6.666666666666666986e-05,-4.444444444444444657e-05,-4.444444444444444657e-05,-4.444444444444444657e-05,-2.222222222222222329e-05,-2.222222222222222329e-05,-4.444444444444444657e-05,-4.444444444444444657e-05,-6.666666666666666986e-05,-1.111111111111111029e-04,-8.888888888888889315e-05,2.222222222222222329e-05,8.888888888888889315e-05,1.111111111111111029e-04,1.111111111111111029e-04,6.666666666666666986e-05,4.444444444444444657e-05,4.444444444444444657e-05,4.444444444444444657e-05,2.222222222222222329e-05,0.000000000000000000e+00,0.000000000000000000e+00,2.222222222222222329e-05,2.222222222222222329e-05,-2.222222222222222329e-05,0.000000000000000000e+00,2.222222222222222329e-05,2.222222222222222329e-05,4.444444444444444657e-05,2.222222222222222329e-05,0.000000000000000000e+00,2.222222222222222329e-05,2.222222222222222329e-05,0.000000000000000000e+00,0.000000000000000000e+00,0.000000000000000000e+00,0.000000000000000000e+00,-2.222222222222222329e-05,-2.222222222222222329e-05,2.222222222222222329e-05,2.222222222222222329e-05,2.222222222222222329e-05,4.444444444444444657e-05,4.444444444444444657e-05,2.222222222222222329e-05,0.000000000000000000e+00
0.000000000000000000e+00,0.000000000000000000e+00,0.000000000000000000e+00,2.222222222222222329e-05,2.222222222222222329e-05,0.000000000000000000e+00,2.222222222222222329e-05,2.222222222222222329e-05,-2.222222222222222329e-05,-4.444444444444444657e-05,-1.333333333333333397e-04,2.222222222222222329e-05,1.777777777777777863e-04,2.222222222222222329e-05,-4.444444444444444657e-05,-4.444444444444444657e-05,-4.444444444444444657e-05,-2.222222222222222329e-05,0.000000000000000000e+00,-2.222222222222222329e-05,-4.444444444444444657e-05,-4.444444444444444657e-05,-4.444444444444444657e-05,-6.666666666666666986e-05,-4.444444444444444657e-05,2.222222222222222329e-05,4.444444444444444657e-05,6.666666666666666986e-05,8.888888888888889315e-05,8.888888888888889315e-05,6.666666666666666986e-05,2.222222222222222329e-05,2.222222222222222329e-05,2.222222222222222329e-05,0.000000000000000000e+00,2.222222222222222329e-05,2.222222222222222329e-05,0.000000000000000000e+00,0.000000000000000000e+00,0.000000000000000000e+00,0.000000000000000000e+00,2.222222222222222329e-05,4.444444444444444657e-05,4.444444444444444657e-05,2.222222222222222329e-05,2.222222222222222329e-05,2.222222222222222329e-05,0.000000000000000000e+00,0.000000000000000000e+00,-2.222222222222222329e-05,-2.222222222222222329e-05,0.000000000000000000e+00,0.000000000000000000e+00,0.000000000000000000e+00,0.000000000000000000e+00,2.222222222222222329e-05,2.222222222222222329e-05,2.222222222222222329e-05,2.222222222222222329e-05,0.000000000000000000e+00
2.222222222222222329e-05,2.222222222222222329e-05,0.000000000000000000e+00,0.000000000000000000e+00,2.222222222222222329e-05,2.222222222222222329e-05,0.000000000000000000e+00,0.000000000000000000e+00,-2.222222222222222329e-05,-4.444444444444444657e-05,-6.666666666666666986e-05,-2.222222222222222329e-05,6.666666666666666986e-05,4.444444444444444657e-05,0.000000000000000000e+00,-2.222222222222222329e-05,-2.222222222222222329e-05,0.000000000000000000e+00,-2.222222222222222329e-05,0.000000000000000000e+00,0.000000000000000000e+00,-4.444444444444444657e-05,-4.444444444444444657e-05,-2.222222222222222329e-05,-2.222222222222222329e-05,0.000000000000000000e+00,4.444444444444444657e-05,4.444444444444444657e-05,6.666666666666666986e-05,6.666666666666666986e-05,4.444444444444444657e-05,4.444444444444444657e-05,2.222222222222222329e-05,2.222222222222222329e-05,2.222222222222222329e-05,0.000000000000000000e+00,0.000000000000000000e+00,0.000000000000000000e+00,0.000000000000000000e+00,0.000000000000000000e+00,0.000000000000000000e+00,2.222222222222222329e-05,6.666666666666666986e-05,4.444444444444444657e-05,2.222222222222222329e-05,4.444444444444444657e-05,2.222222222222222329e-05,0.000000000000000000e+00,0.000000000000000000e+00,-2.222222222222222329e-05,-2.222222222222222329e-05,-2.222222222222222329e-05,-2.222222222222222329e-05,0.000000000000000000e+00,0.000000000000000000e+00,0.000000000000000000e+00,2.222222222222222329e-05,2.222222222222222329e-05,0.000000000000000000e+00,0.000000000000000000e+00
0.000000000000000000e+00,0.000000000000000000e+00,2.222222222222222329e-05,2.222222222222222329e-05,0.000000000000000000e+00,0.000000000000000000e+00,0.000000000000000000e+00,0.000000000000000000e+00,0.000000000000000000e+00,-2.222222222222222329e-05,-2.222222222222222329e-05,0.000000000000000000e+00,0.000000000000000000e+00,0.000000000000000000e+00,-2.222222222222222329e-05,-4.444444444444444657e-05,0.000000000000000000e+00,2.222222222222222329e-05,0.000000000000000000e+00,0.000000000000000000e+00,0.000000000000000000e+00,0.000000000000000000e+00,-2.222222222222222329e-05,-2.222222222222222329e-05,0.000000000000000000e+00,2.222222222222222329e-05,2.222222222222222329e-05,4.444444444444444657e-05,8.888888888888889315e-05,6.666666666666666986e-05,2.222222222222222329e-05,2.222222222222222329e-05,2.222222222222222329e-05,0.000000000000000000e+00,0.000000000000000000e+00,0.000000000000000000e+00,2.222222222222222329e-05,0.000000000000000000e+00,-2.222222222222222329e-05,0.000000000000000000e+00,2.222222222222222329e-05,2.222222222222222329e-05,4.444444444444444657e-05,6.666666666666666986e-05,4.444444444444444657e-05,6.666666666666666986e-05,4.444444444444444657e-05,-2.222222222222222329e-05,-4.444444444444444657e-05,-2.222222222222222329e-05,-2.222222222222222329e-05,-2.222222222222222329e-05,-2.222222222222222329e-05,-2.222222222222222329e-05,0.000000000000000000e+00,0.000000000000000000e+00,0.000000000000000000e+00,0.000000000000000000e+00,0.000000000000000000e+00,0.000000000000000000e+00
0.000000000000000000e+00,2.222222222222222329e-05,2.222222222222222329e-05,2.222222222222222329e-05,2.222222222222222329e-05,0.000000000000000000e+00,0.000000000000000000e+00,0.000000000000000000e+00,0.000000000000000000e+00,-2.222222222222222329e-05,-2.222222222222222329e-05,0.000000000000000000e+00,-2.222222222222222329e-05,-2.222222222222222329e-05,-2.222222222222222329e-05,-4.444444444444444657e-05,-2.222222222222222329e-05,2.222222222222222329e-05,4.444444444444444657e-05,2.222222222222222329e-05,0.000000000000000000e+00,0.000000000000000000e+00,0.000000000000000000e+00,0.000000000000000000e+00,2.222222222222222329e-05,2.222222222222222329e-05,2.222222222222222329e-05,4.444444444444444657e-05,6.666666666666666986e-05,6.666666666666666986e-05,4.444444444444444657e-05,2.222222222222222329e-05,0.000000000000000000e+00,0.000000000000000000e+00,0.000000000000000000e+00,0.000000000000000000e+00,0.000000000000000000e+00,-2.222222222222222329e-05,-2.222222222222222329e-05,2.222222222222222329e-05,2.222222222222222329e-05,2.222222222222222329e-05,4.444444444444444657e-05,6.666666666666666986e-05,8.888888888888889315e-05,6.666666666666666986e-05,4.444444444444444657e-05,0.000000000000000000e+00,-6.666666666666666986e-05,-6.666666666666666986e-05,-4.444444444444444657e-05,-2.222222222222222329e-05,0.000000000000000000e+00,-2.222222222222222329e-05,-2.222222222222222329e-05,0.000000000000000000e+00,0.000000000000000000e+00,0.000000000000000000e+00,0.000000000000000000e+00,0.000000000000000000e+00
0.000000000000000000e+00,2.222222222222222329e-05,4.444444444444444657e-05,2.222222222222222329e-05,2.222222222222222329e-05,2.222222222222222329e-05,0.000000000000000000e+00,0.000000000000000000e+00,-2.222222222222222329e-05,-2.222222222222222329e-05,0.000000000000000000e+00,-2.222222222222222329e-05,-2.222222222222222329e-05,-2.222222222222222329e-05,-6.666666666666666986e-05,-6.666666666666666986e-05,0.000000000000000000e+00,4.444444444444444657e-05,4.444444444444444657e-05,4.444444444444444657e-05,2.222222222222222329e-05,2.222222222222222329e-05,2.222222222222222329e-05,0.000000000000000000e+00,2.222222222222222329e-05,2.222222222222222329e-05,2.222222222222222329e-05,6.666666666666666986e-05,6.666666666666666986e-05,6.666666666666666986e-05,6.666666666666666986e-05,2.222222222222222329e-05,0.000000000000000000e+00,-2.222222222222222329e-05,-4.444444444444444657e-05,-2.222222222222222329e-05,-2.222222222222222329e-05,-2.222222222222222329e-05,0.000000000000000000e+00,0.000000000000000000e+00,2.222222222222222329e-05,4.444444444444444657e-05,6.666666666666666986e-05,6.666666666666666986e-05,8.888888888888889315e-05,1.111111111111111029e-04,4.444444444444444657e-05,-2.222222222222222329e-05,-6.666666666666666986e-05,-6.666666666666666986e-05,-4.444444444444444657e-05,-4.444444444444444657e-05,-4.444444444444444657e-05,-2.222222222222222329e-05,0.000000000000000000e+00,-2.222222222222222329e-05,-2.222222222222222329e-05,0.000000000000000000e+00,0.000000000000000000e+00,0.000000000000000000e+00
2.222222222222222329e-05,4.444444444444444657e-05,4.444444444444444657e-05,4.444444444444444657e-05,4.444444444444444657e-05,2.222222222222222329e-05,0.000000000000000000e+00,0.000000000000000000e+00,-2.222222222222222329e-05,-2.222222222222222329e-05,-2.222222222222222329e-05,-2.222222222222222329e-05,-2.222222222222222329e-05,-4.444444444444444657e-05,-4.444444444444444657e-05,-4.444444444444444657e-05,-2.222222222222222329e-05,4.444444444444444657e-05,6.666666666666666986e-05,4.444444444444444657e-05,4.444444444444444657e-05,2.222222222222222329e-05,2.222222222222222329e-05,2.222222222222222329e-05,2.222222222222222329e-05,4.444444444444444657e-05,4.444444444444444657e-05,6.666666666666666986e-05,6.666666666666666986e-05,6.666666666666666986e-05,6.666666666666666986e-05,4.444444444444444657e-05,0.000000000000000000e+00,-4.444444444444444657e-05,-6.666666666666666986e-05,-6.666666666666666986e-05,-4.444444444444444657e-05,-4.444444444444444657e-05,-2.222222222222222329e-05,2.222222222222222329e-05,4.444444444444444657e-05,2.222222222222222329e-05,4.444444444444444657e-05,8.888888888888889315e-05,8.888888888888889315e-05,8.888888888888889315e-05,6.666666666666666986e-05,-2.222222222222222329e-05,-6.666666666666666986e-05,-6.666666666666666986e-05,-4.444444444444444657e-05,-2.222222222222222329e-05,-4.444444444444444657e-05,-2.222222222222222329e-05,-2.222222222222222329e-05,-2.222222222222222329e-05,-2.222222222222222329e-05,-2.222222222222222329e-05,0.000000000000000000e+00,0.000000000000000000e+00
2.222222222222222329e-05,4.444444444444444657e-05,6.666666666666666986e-05,8.888888888888889315e-05,6.666666666666666986e-05,2.222222222222222329e-05,0.000000000000000000e+00,0.000000000000000000e+00,-2.222222222222222329e-05,-4.444444444444444657e-05,-4.444444444444444657e-05,-4.444444444444444657e-05,-2.222222222222222329e-05,0.000000000000000000e+00,-2.222222222222222329e-05,-2.222222222222222329e-05,0.000000000000000000e+00,2.222222222222222329e-05,6.666666666666666986e-05,4.444444444444444657e-05,2.222222222222222329e-05,2.222222222222222329e-05,2.222222222222222329e-05,2.222222222222222329e-05,2.222222222222222329e-05,4.444444444444444657e-05,6.666666666666666986e-05,8.888888888888889315e-05,8.888888888888889315e-05,8.888888888888889315e-05,8.888888888888889315e-05,6.666666666666666986e-05,0.000000000000000000e+00,-8.888888888888889315e-05,-1.111111111111111029e-04,-8.888888888888889315e-05,-8.888888888888889315e-05,-6.666666666666666986e-05,-2.222222222222222329e-05,2.222222222222222329e-05,4.444444444444444657e-05,4.444444444444444657e-05,4.444444444444444657e-05,6.666666666666666986e-05,6.666666666666666986e-05,6.666666666666666986e-05,4.444444444444444657e-05,0.000000000000000000e+00,-2.222222222222222329e-05,-4.444444444444444657e-05,-4.444444444444444657e-05,-2.222222222222222329e-05,-2.222222222222222329e-05,-2.222222222222222329e-05,-2.222222222222222329e-05,-2.222222222222222329e-05,-2.222222222222222329e-05,-4.444444444444444657e-05,-2.222222222222222329e-05,0.000000000000000000e+00
0.000000000000000000e+00,6.666666666666666986e-05,1.333333333333333397e-04,1.333333333333333397e-04,8.888888888888889315e-05,2.222222222222222329e-05,0.000000000000000000e+00,-2.222222222222222329e-05,-4.444444444444444657e-05,-6.666666666666666986e-05,-6.666666666666666986e-05,-4.444444444444444657e-05,-2.222222222222222329e-05,2.222222222222222329e-05,2.222222222222222329e-05,0.000000000000000000e+00,2.222222222222222329e-05,4.444444444444444657e-05,4.444444444444444657e-05,2.222222222222222329e-05,0.000000000000000000e+00,2.222222222222222329e-05,2.222222222222222329e-05,2.222222222222222329e-05,4.444444444444444657e-05,4.444444444444444657e-05,6.666666666666666986e-05,8.888888888888889315e-05,8.888888888888889315e-05,1.111111111111111029e-04,1.333333333333333397e-04,8.888888888888889315e-05,-2.222222222222222329e-05,-1.111111111111111029e-04,-1.555555555555555630e-04,-1.555555555555555630e-04,-1.111111111111111029e-04,-6.666666666666666986e-05,-2.222222222222222329e-05,0.000000000000000000e+00,2.222222222222222329e-05,6.666666666666666986e-05,6.666666666666666986e-05,6.666666666666666986e-05,4.444444444444444657e-05,2.222222222222222329e-05,2.222222222222222329e-05,2.222222222222222329e-05,2.222222222222222329e-05,-2.222222222222222329e-05,-2.222222222222222329e-05,-2.222222222222222329e-05,-2.222222222222222329e-05,-2.222222222222222329e-05,-2.222222222222222329e-05,-2.222222222222222329e-05,-4.444444444444444657e-05,-4.444444444444444657e-05,-2.222222222222222329e-05,0.000000000000000000e+00
2.222222222222222329e-05,8.888888888888889315e-05,1.555555555555555630e-04,1.555555555555555630e-04,8.888888888888889315e-05,4.444444444444444657e-05,0.000000000000000000e+00,-4.444444444444444657e-05,-6.666666666666666986e-05,-1.111111111111111029e-04,-1.111111111111111029e-04,-8.888888888888889315e-05,-2.222222222222222329e-05,6.666666666666666986e-05,8.888888888888889315e-05,6.666666666666666986e-05,4.444444444444444657e-05,2.222222222222222329e-05,2.222222222222222329e-05,2.222222222222222329e-05,0.000000000000000000e+00,0.000000000000000000e+00,2.222222222222222329e-05,2.222222222222222329e-05,2.222222222222222329e-05,4.444444444444444657e-05,6.666666666666666986e-05,8.888888888888889315e-05,1.111111111111111029e-04,1.333333333333333397e-04,1.333333333333333397e-04,8.888888888888889315e-05,-2.222222222222222329e-05,-1.333333333333333397e-04,-2.000000000000000096e-04,-1.777777777777777863e-04,-1.333333333333333397e-04,-8.888888888888889315e-05,-2.222222222222222329e-05,2.222222222222222329e-05,4.444444444444444657e-05,6.666666666666666986e-05,8.888888888888889315e-05,6.666666666666666986e-05,2.222222222222222329e-05,0.000000000000000000e+00,2.222222222222222329e-05,4.444444444444444657e-05,2.222222222222222329e-05,0.000000000000000000e+00,0.000000000000000000e+00,-2.222222222222222329e-05,-2.222222222222222329e-05,0.000000000000000000e+00,-2.222222222222222329e-05,-4.444444444444444657e-05,-4.444444444444444657e-05,-4.444444444444444657e-05,-2.222222222222222329e-05,0.000000000000000000e+00
0.000000000000000000e+00,8.888888888888889315e-05,1.555555555555555630e-04,1.333333333333333397e-04,8.888888888888889315e-05,4.444444444444444657e-05,0.000000000000000000e+00,-6.666666666666666986e-05,-8.888888888888889315e-05,-1.333333333333333397e-04,-1.555555555555555630e-04,-1.111111111111111029e-04,-2.222222222222222329e-05,8.888888888888889315e-05,1.333333333333333397e-04,1.111111111111111029e-04,6.666666666666666986e-05,2.222222222222222329e-05,0.000000000000000000e+00,0.000000000000000000e+00,0.000000000000000000e+00,0.000000000000000000e+00,0.000000000000000000e+00,2.222222222222222329e-05,2.222222222222222329e-05,2.222222222222222329e-05,6.666666666666666986e-05,8.888888888888889315e-05,1.111111111111111029e-04,1.111111111111111029e-04,8.888888888888889315e-05,6.666666666666666986e-05,0.000000000000000000e+00,-1.111111111111111029e-04,-2.000000000000000096e-04,-2.000000000000000096e-04,-1.555555555555555630e-04,-1.111111111111111029e-04,-4.444444444444444657e-05,2.222222222222222329e-05,8.888888888888889315e-05,1.111111111111111029e-04,8.888888888888889315e-05,8.888888888888889315e-05,4.444444444444444657e-05,0.000000000000000000e+00,2.222222222222222329e-05,2.222222222222222329e-05,0.000000000000000000e+00,0.000000000000000000e+00,0.000000000000000000e+00,0.000000000000000000e+00,0.000000000000000000e+00,0.000000000000000000e+00,-2.222222222222222329e-05,-4.444444444444444657e-05,-4.444444444444444657e-05,-2.222222222222222329e-05,-2.222222222222222329e-05,-2.222222222222222329e-05
0.000000000000000000e+00,4.444444444444444657e-05,8.888888888888889315e-05,1.111111111111111029e-04,1.333333333333333397e-04,8.888888888888889315e-05,0.000000000000000000e+00,-1.111111111111111029e-04,-1.555555555555555630e-04,-1.555555555555555630e-04,-1.555555555555555630e-04,-1.111111111111111029e-04,-2.222222222222222329e-05,8.888888888888889315e-05,1.333333333333333397e-04,1.333333333333333397e-04,1.111111111111111029e-04,4.444444444444444657e-05,-2.222222222222222329e-05,-4.444444444444444657e-05,-2.222222222222222329e-05,0.000000000000000000e+00,0.000000000000000000e+00,0.000000000000000000e+00,0.000000000000000000e+00,2.222222222222222329e-05,6.666666666666666986e-05,8.888888888888889315e-05,6.666666666666666986e-05,6.666666666666666986e-05,8.888888888888889315e-05,4.444444444444444657e-05,-4.444444444444444657e-05,-1.111111111111111029e-04,-1.555555555555555630e-04,-1.555555555555555630e-04,-1.333333333333333397e-04,-1.333333333333333397e-04,-6.666666666666666986e-05,4.444444444444444657e-05,1.111111111111111029e-04,1.111111111111111029e-04,8.888888888888889315e-05,8.888888888888889315e-05,6.666666666666666986e-05,2.222222222222222329e-05,0.000000000000000000e+00,2.222222222222222329e-05,2.222222222222222329e-05,0.000000000000000000e+00,0.000000000000000000e+00,0.000000000000000000e+00,0.000000000000000000e+00,0.000000000000000000e+00,-2.222222222222222329e-05,-4.444444444444444657e-05,-2.222222222222222329e-05,-2.222222222222222329e-05,-2.222222222222222329e-05,0.000000000000000000e+00
0.000000000000000000e+00,2.222222222222222329e-05,4.444444444444444657e-05,8.888888888888889315e-05,1.333333333333333397e-04,1.555555555555555630e-04,4.444444444444444657e-05,-1.777777777777777863e-04,-2.444444444444444291e-04,-1.777777777777777863e-04,-8.888888888888889315e-05,-4.444444444444444657e-05,-2.222222222222222329e-05,4.444444444444444657e-05,1.111111111111111029e-04,1.555555555555555630e-04,1.111111111111111029e-04,2.222222222222222329e-05,-4.444444444444444657e-05,-6.666666666666666986e-05,-4.444444444444444657e-05,-2.222222222222222329e-05,0.000000000000000000e+00,0.000000000000000000e+00,0.000000000000000000e+00,2.222222222222222329e-05,4.444444444444444657e-05,6.666666666666666986e-05,6.666666666666666986e-05,4.444444444444444657e-05,4.444444444444444657e-05,2.222222222222222329e-05,-4.444444444444444657e-05,-8.888888888888889315e-05,-1.111111111111111029e-04,-1.333333333333333397e-04,-1.111111111111111029e-04,-6.666666666666666986e-05,-6.666666666666666986e-05,0.000000000000000000e+00,8.888888888888889315e-05,1.111111111111111029e-04,1.111111111111111029e-04,8.888888888888889315e-05,4.444444444444444657e-05,2.222222222222222329e-05,2.222222222222222329e-05,2.222222222222222329e-05,2.222222222222222329e-05,0.000000000000000000e+00,0.000000000000000000e+00,0.000000000000000000e+00,0.000000000000000000e+00,-2.222222222222222329e-05,-2.222222222222222329e-05,0.000000000000000000e+00,-2.222222222222222329e-05,-2.222222222222222329e-05,-2.222222222222222329e-05,-2.222222222222222329e-05
0.000000000000000000e+00,-2.222222222222222329e-05,0.000000000000000000e+00,6.666666666666666986e-05,1.111111111111111029e-04,1.555555555555555630e-04,2.222222222222222329e-05,-2.222222222222222058e-04,-2.444444444444444291e-04,-1.333333333333333397e-04,-4.444444444444444657e-05,0.000000000000000000e+00,0.000000000000000000e+00,4.444444444444444657e-05,1.111111111111111029e-04,1.333333333333333397e-04,8.888888888888889315e-05,2.222222222222222329e-05,-4.444444444444444657e-05,-6.666666666666666986e-05,-4.444444444444444657e-05,-4.444444444444444657e-05,-2.222222222222222329e-05,0.000000000000000000e+00,0.000000000000000000e+00,2.222222222222222329e-05,4.444444444444444657e-05,4.444444444444444657e-05,4.444444444444444657e-05,4.444444444444444657e-05,0.000000000000000000e+00,-2.222222222222222329e-05,-2.222222222222222329e-05,-6.666666666666666986e-05,-8.888888888888889315e-05,-8.888888888888889315e-05,-6.666666666666666986e-05,0.000000000000000000e+00,0.000000000000000000e+00,-2.222222222222222329e-05,2.222222222222222329e-05,6.666666666666666986e-05,8.888888888888889315e-05,6.666666666666666986e-05,4.444444444444444657e-05,4.444444444444444657e-05,2.222222222222222329e-05,2.222222222222222329e-05,2.222222222222222329e-05,0.000000000000000000e+00,0.000000000000000000e+00,0.000000000000000000e+00,0.000000000000000000e+00,-2.222222222222222329e-05,-2.222222222222222329e-05,0.000000000000000000e+00,0.000000000000000000e+00,-2.222222222222222329e-05,-2.222222222222222329e-05,0.000000000000000000e+00
0.000000000000000000e+00,0.000000000000000000e+00,4.444444444444444657e-05,6.666666666666666986e-05,2.222222222222222329e-05,-2.222222222222222329e-05,-8.888888888888889315e-05,-1.555555555555555630e-04,-1.333333333333333397e-04,-6.666666666666666986e-05,-2.222222222222222329e-05,2.222222222222222329e-05,4.444444444444444657e-05,4.444444444444444657e-05,8.888888888888889315e-05,1.111111111111111029e-04,6.666666666666666986e-05,2.222222222222222329e-05,-2.222222222222222329e-05,-4.444444444444444657e-05,-4.444444444444444657e-05,-4.444444444444444657e-05,-2.222222222222222329e-05,0.000000000000000000e+00,0.000000000000000000e+00,2.222222222222222329e-05,2.222222222222222329e-05,2.222222222222222329e-05,2.222222222222222329e-05,2.222222222222222329e-05,2.222222222222222329e-05,0.000000000000000000e+00,-2.222222222222222329e-05,-4.444444444444444657e-05,-6.666666666666666986e-05,-6.666666666666666986e-05,-4.444444444444444657e-05,-2.222222222222222329e-05,0.000000000000000000e+00,0.000000000000000000e+00,2.222222222222222329e-05,4.444444444444444657e-05,6.666666666666666986e-05,6.666666666666666986e-05,4.444444444444444657e-05,4.444444444444444657e-05,4.444444444444444657e-05,2.222222222222222329e-05,0.000000000000000000e+00,0.000000000000000000e+00,0.000000000000000000e+00,0.000000000000000000e+00,0.000000000000000000e+00,0.000000000000000000e+00,0.000000000000000000e+00,-2.222222222222222329e-05,-2.222222222222222329e-05,0.000000000000000000e+00,0.000000000000000000e+00,0.000000000000000000e+00
0.000000000000000000e+00,2.222222222222222329e-05,8.888888888888889315e-05,8.888888888888889315e-05,-2.222222222222222329e-05,-1.777777777777777863e-04,-2.666666666666666794e-04,-1.555555555555555630e-04,2.222222222222222329e-05,2.222222222222222329e-05,0.000000000000000000e+00,4.444444444444444657e-05,4.444444444444444657e-05,4.444444444444444657e-05,6.666666666666666986e-05,8.888888888888889315e-05,6.666666666666666986e-05,2.222222222222222329e-05,-2.222222222222222329e-05,-4.444444444444444657e-05,-2.222222222222222329e-05,-2.222222222222222329e-05,-2.222222222222222329e-05,0.000000000000000000e+00,0.000000000000000000e+00,2.222222222222222329e-05,2.222222222222222329e-05,0.000000000000000000e+00,2.222222222222222329e-05,2.222222222222222329e-05,0.000000000000000000e+00,0.000000000000000000e+00,-2.222222222222222329e-05,-4.444444444444444657e-05,-4.444444444444444657e-05,-4.444444444444444657e-05,-2.222222222222222329e-05,-2.222222222222222329e-05,-2.222222222222222329e-05,2.222222222222222329e-05,4.444444444444444657e-05,4.444444444444444657e-05,6.666666666666666986e-05,6.666666666666666986e-05,4.444444444444444657e-05,4.444444444444444657e-05,2.222222222222222329e-05,0.000000000000000000e+00,2.222222222222222329e-05,2.222222222222222329e-05,-2.222222222222222329e-05,-2.222222222222222329e-05,0.000000000000000000e+00,0.000000000000000000e+00,0.000000000000000000e+00,0.000000000000000000e+00,-2.222222222222222329e-05,-2.222222222222222329e-05,0.000000000000000000e+00,0.000000000000000000e+00
2.222222222222222329e-05,4.444444444444444657e-05,1.111111111111111029e-04,1.333333333333333397e-04,-4.444444444444444657e-05,-3.111111111111111260e-04,-4.000000000000000192e-04,-1.777777777777777863e-04,1.111111111111111029e-04,1.333333333333333397e-04,4.444444444444444657e-05,2.222222222222222329e-05,2.222222222222222329e-05,4.444444444444444657e-05,4.444444444444444657e-05,4.444444444444444657e-05,4.444444444444444657e-05,2.222222222222222329e-05,0.000000000000000000e+00,0.000000000000000000e+00,0.000000000000000000e+00,-2.222222222222222329e-05,-2.222222222222222329e-05,0.000000000000000000e+00,2.222222222222222329e-05,2.222222222222222329e-05,0.000000000000000000e+00,2.222222222222222329e-05,2.222222222222222329e-05,-2.222222222222222329e-05,-2.222222222222222329e-05,0.000000000000000000e+00,0.000000000000000000e+00,-2.222222222222222329e-05,-2.222222222222222329e-05,-2.222222222222222329e-05,-4.444444444444444657e-05,-2.222222222222222329e-05,2.222222222222222329e-05,2.222222222222222329e-05,2.222222222222222329e-05,6.666666666666666986e-05,6.666666666666666986e-05,4.444444444444444657e-05,4.444444444444444657e-05,4.444444444444444657e-05,2.222222222222222329e-05,0.000000000000000000e+00,0.000000000000000000e+00,0.000000000000000000e+00,0.000000000000000000e+00,0.000000000000000000e+00,-2.222222222222222329e-05,-2.222222222222222329e-05,0.000000000000000000e+00,0.000000000000000000e+00,0.000000000000000000e+00,0.000000000000000000e+00,-2.222222222222222329e-05,-2.222222222222222329e-05
2.222222222222222329e-05,4.444444444444444657e-05,8.888888888888889315e-05,8.888888888888889315e-05,-4.444444444444444657e-05,-2.444444444444444291e-04,-3.111111111111111260e-04,-1.333333333333333397e-04,4.444444444444444657e-05,6.666666666666666986e-05,4.444444444444444657e-05,4.444444444444444657e-05,2.222222222222222329e-05,2.222222222222222329e-05,4.444444444444444657e-05,4.444444444444444657e-05,2.222222222222222329e-05,0.000000000000000000e+00,0.000000000000000000e+00,0.000000000000000000e+00,0.000000000000000000e+00,0.000000000000000000e+00,0.000000000000000000e+00,0.000000000000000000e+00,2.222222222222222329e-05,0.000000000000000000e+00,0.000000000000000000e+00,2.222222222222222329e-05,0.000000000000000000e+00,0.000000000000000000e+00,0.000000000000000000e+00,0.000000000000000000e+00,-2.222222222222222329e-05,-2.222222222222222329e-05,0.000000000000000000e+00,0.000000000000000000e+00,-2.222222222222222329e-05,-2.222222222222222329e-05,2.222222222222222329e-05,4.444444444444444657e-05,4.444444444444444657e-05,4.444444444444444657e-05,6.666666666666666986e-05,6.666666666666666986e-05,4.444444444444444657e-05,4.444444444444444657e-05,2.222222222222222329e-05,0.000000000000000000e+00,-2.222222222222222329e-05,-2.222222222222222329e-05,-2.222222222222222329e-05,-2.222222222222222329e-05,0.000000000000000000e+00,-2.222222222222222329e-05,-2.222222222222222329e-05,0.000000000000000000e+00,0.000000000000000000e+00,0.000000000000000000e+00,0.000000000000000000e+00,0.000000000000000000e+00
2.222222222222222329e-05,4.444444444444444657e-05,4.444444444444444657e-05,2.222222222222222329e-05,-4.444444444444444657e-05,-1.333333333333333397e-04,-1.555555555555555630e-04,-8.888888888888889315e-05,-2.222222222222222329e-05,2.222222222222222329e-05,2.222222222222222329e-05,2.222222222222222329e-05,4.444444444444444657e-05,2.222222222222222329e-05,2.222222222222222329e-05,2.222222222222222329e-05,0.000000000000000000e+00,2.222222222222222329e-05,2.222222222222222329e-05,0.000000000000000000e+00,0.000000000000000000e+00,0.000000000000000000e+00,0.000000000000000000e+00,0.000000000000000000e+00,0.000000000000000000e+00,0.000000000000000000e+00,0.000000000000000000e+00,2.222222222222222329e-05,2.222222222222222329e-05,0.000000000000000000e+00,0.000000000000000000e+00,0.000000000000000000e+00,-2.222222222222222329e-05,-2.222222222222222329e-05,0.000000000000000000e+00,0.000000000000000000e+00,0.000000000000000000e+00,0.000000000000000000e+00,2.222222222222222329e-05,4.444444444444444657e-05,4.444444444444444657e-05,6.666666666666666986e-05,8.888888888888889315e-05,8.888888888888889315e-05,6.666666666666666986e-05,2.222222222222222329e-05,0.000000000000000000e+00,-2.222222222222222329e-05,-4.444444444444444657e-05,-2.222222222222222329e-05,-2.222222222222222329e-05,-2.222222222222222329e-05,-2.222222222222222329e-05,-2.222222222222222329e-05,-2.222222222222222329e-05,0.000000000000000000e+00,0.000000000000000000e+00,-2.222222222222222329e-05,0.000000000000000000e+00,0.000000000000000000e+00
2.222222222222222329e-05,2.222222222222222329e-05,0.000000000000000000e+00,0.000000000000000000e+00,-4.444444444444444657e-05,-8.888888888888889315e-05,-8.888888888888889315e-05,-4.444444444444444657e-05,-2.222222222222222329e-05,0.000000000000000000e+00,2.222222222222222329e-05,0.000000000000000000e+00,2.222222222222222329e-05,2.222222222222222329e-05,2.222222222222222329e-05,2.222222222222222329e-05,0.000000000000000000e+00,0.000000000000000000e+00,0.000000000000000000e+00,0.000000000000000000e+00,2.222222222222222329e-05,2.222222222222222329e-05,0.000000000000000000e+00,0.000000000000000000e+00,2.222222222222222329e-05,0.000000000000000000e+00,-2.222222222222222329e-05,2.222222222222222329e-05,2.222222222222222329e-05,0.000000000000000000e+00,0.000000000000000000e+00,0.000000000000000000e+00,0.000000000000000000e+00,-2.222222222222222329e-05,0.000000000000000000e+00,2.222222222222222329e-05,0.000000000000000000e+00,0.000000000000000000e+00,2.222222222222222329e-05,4.444444444444444657e-05,6.666666666666666986e-05,8.888888888888889315e-05,8.888888888888889315e-05,8.888888888888889315e-05,6.666666666666666986e-05,2.222222222222222329e-05,0.000000000000000000e+00,-2.222222222222222329e-05,-6.666666666666666986e-05,-6.666666666666666986e-05,-2.222222222222222329e-05,-2.222222222222222329e-05,-4.444444444444444657e-05,-2.222222222222222329e-05,0.000000000000000000e+00,-2.222222222222222329e-05,0.000000000000000000e+00,0.000000000000000000e+00,-2.222222222222222329e-05,0.000000000000000000e+00
0.000000000000000000e+00,0.000000000000000000e+00,0.000000000000000000e+00,0.000000000000000000e+00,-2.222222222222222329e-05,-4.444444444444444657e-05,-6.666666666666666986e-05,-4.444444444444444657e-05,-2.222222222222222329e-05,-2.222222222222222329e-05,0.000000000000000000e+00,2.222222222222222329e-05,2.222222222222222329e-05,0.000000000000000000e+00,2.222222222222222329e-05,2.222222222222222329e-05,0.000000000000000000e+00,0.000000000000000000e+00,0.000000000000000000e+00,0.000000000000000000e+00,0.000000000000000000e+00,2.222222222222222329e-05,2.222222222222222329e-05,0.000000000000000000e+00,0.000000000000000000e+00,0.000000000000000000e+00,2.222222222222222329e-05,2.222222222222222329e-05,0.000000000000000000e+00,0.000000000000000000e+00,0.000000000000000000e+00,0.000000000000000000e+00,0.000000000000000000e+00,0.000000000000000000e+00,0.000000000000000000e+00,0.000000000000000000e+00,0.000000000000000000e+00,2.222222222222222329e-05,4.444444444444444657e-05,4.444444444444444657e-05,6.666666666666666986e-05,8.888888888888889315e-05,8.888888888888889315e-05,8.888888888888889315e-05,8.888888888888889315e-05,4.444444444444444657e-05,-2.222222222222222329e-05,-4.444444444444444657e-05,-6.666666666666666986e-05,-6.666666666666666986e-05,-4.444444444444444657e-05,-4.444444444444444657e-05,-2.222222222222222329e-05,-2.222222222222222329e-05,-2.222222222222222329e-05,0.000000000000000000e+00,0.000000000000000000e+00,0.000000000000000000e+00,-2.222222222222222329e-05,-2.222222222222222329e-05
0.000000000000000000e+00,0.000000000000000000e+00,0.000000000000000000e+00,0.000000000000000000e+00,-2.222222222222222329e-05,-2.222222222222222329e-05,-2.222222222222222329e-05,-4.444444444444444657e-05,-2.222222222222222329e-05,0.000000000000000000e+00,0.000000000000000000e+00,0.000000000000000000e+00,0.000000000000000000e+00,0.000000000000000000e+00,2.222222222222222329e-05,2.222222222222222329e-05,0.000000000000000000e+00,0.000000000000000000e+00,0.000000000000000000e+00,0.000000000000000000e+00,0.000000000000000000e+00,2.222222222222222329e-05,2.222222222222222329e-05,0.000000000000000000e+00,0.000000000000000000e+00,0.000000000000000000e+00,2.222222222222222329e-05,2.222222222222222329e-05,0.000000000000000000e+00,0.000000000000000000e+00,0.000000000000000000e+00,0.000000000000000000e+00,0.000000000000000000e+00,0.000000000000000000e+00,0.000000000000000000e+00,2.222222222222222329e-05,2.222222222222222329e-05,2.222222222222222329e-05,4.444444444444444657e-05,4.444444444444444657e-05,6.666666666666666986e-05,8.888888888888889315e-05,8.888888888888889315e-05,8.888888888888889315e-05,6.666666666666666986e-05,2.222222222222222329e-05,-2.222222222222222329e-05,-4.444444444444444657e-05,-6.666666666666666986e-05,-6.666666666666666986e-05,-4.444444444444444657e-05,-2.222222222222222329e-05,-2.222222222222222329e-05,-4.444444444444444657e-05,-2.222222222222222329e-05,0.000000000000000000e+00,0.000000000000000000e+00,0.000000000000000000e+00,0.000000000000000000e+00,0.000000000000000000e+00
