1.273239555345968875e-03,1.800632647023757849e-03,0.000000000000000000e+00,0.000000000000000000e+00,0.000000000000000000e+00,0.000000000000000000e+00,0.000000000000000000e+00,1.273239555345968875e-03,0.000000000000000000e+00,1.273239555345968875e-03,1.273239555345968875e-03,0.000000000000000000e+00,0.000000000000000000e+00,0.000000000000000000e+00,1.273239555345968875e-03,1.800632647023757849e-03,1.273239555345968875e-03,1.273239555345968875e-03,1.273239555345968875e-03,1.273239555345968875e-03,1.273239555345968875e-03,1.273239555345968875e-03,2.546479109434417187e-03,1.800632647023757849e-03,1.273239555345968875e-03,1.800632647023757849e-03,1.273239555345968875e-03,0.000000000000000000e+00,0.000000000000000000e+00,0.000000000000000000e+00,0.000000000000000000e+00,1.273239555345968875e-03,1.800632647023757849e-03,1.273239555345968875e-03,2.546479109434417187e-03,1.800632647023757849e-03,1.273239555345968875e-03,2.546479109434417187e-03,1.273239555345968875e-03,1.800632647023757849e-03,2.546479109434417187e-03,2.546479109434417187e-03,2.546479109434417187e-03,1.273239555345968875e-03,0.000000000000000000e+00,1.273239555345968875e-03,1.273239555345968875e-03,1.273239555345968875e-03,1.273239555345968875e-03,1.800632647023757849e-03,1.273239555345968875e-03,0.000000000000000000e+00,0.000000000000000000e+00,0.000000000000000000e+00,1.273239555345968875e-03,1.273239555345968875e-03,0.000000000000000000e+00,0.000000000000000000e+00
1.273239555345968875e-03,1.273239555345968875e-03,0.000000000000000000e+00,0.000000000000000000e+00,0.000000000000000000e+00,0.000000000000000000e+00,1.800632647023757849e-03,1.273239555345968875e-03,1.800632647023757849e-03,1.800632647023757849e-03,1.273239555345968875e-03,0.000000000000000000e+00,0.000000000000000000e+00,1.273239555345968875e-03,1.800632647023757849e-03,1.273239555345968875e-03,1.800632647023757849e-03,1.800632647023757849e-03,2.546479109434417187e-03,2.546479109434417187e-03,2.546479109434417187e-03,2.546479109434417187e-03,1.800632647023757849e-03,2.847050195520591312e-03,1.800632647023757849e-03,1.273239555345968875e-03,1.273239555345968875e-03,0.000000000000000000e+00,0.000000000000000000e+00,1.273239555345968875e-03,1.273239555345968875e-03,1.273239555345968875e-03,1.800632647023757849e-03,2.847050195520591312e-03,1.800632647023757849e-03,1.800632647023757849e-03,2.847050195520591312e-03,1.800632647023757849e-03,1.800632647023757849e-03,1.273239555345968875e-03,2.847050195520591312e-03,2.847050195520591312e-03,2.546479109434417187e-03,1.273239555345968875e-03,1.800632647023757849e-03,1.800632647023757849e-03,1.273239555345968875e-03,1.273239555345968875e-03,1.273239555345968875e-03,1.273239555345968875e-03,0.000000000000000000e+00,0.000000000000000000e+00,0.000000000000000000e+00,0.000000000000000000e+00,1.273239555345968875e-03,1.800632647023757849e-03,0.000000000000000000e+00,0.000000000000000000e+00
1.273239555345968875e-03,1.273239555345968875e-03,0.000000000000000000e+00,0.000000000000000000e+00,0.000000000000000000e+00,1.800632647023757849e-03,1.800632647023757849e-03,0.000000000000000000e+00,1.273239555345968875e-03,1.273239555345968875e-03,0.000000000000000000e+00,0.000000000000000000e+00,1.273239555345968875e-03,1.800632647023757849e-03,1.273239555345968875e-03,1.273239555345968875e-03,1.800632647023757849e-03,1.800632647023757849e-03,1.800632647023757849e-03,2.546479109434417187e-03,2.546479109434417187e-03,2.847050195520591312e-03,1.800632647023757849e-03,1.800632647023757849e-03,2.847050195520591312e-03,2.546479109434417187e-03,1.273239555345968875e-03,0.000000000000000000e+00,1.273239555345968875e-03,1.800632647023757849e-03,1.273239555345968875e-03,1.800632647023757849e-03,1.273239555345968875e-03,1.800632647023757849e-03,3.601265290490710241e-03,1.800632647023757849e-03,2.847050195520591312e-03,3.601265290490710241e-03,1.800632647023757849e-03,2.847050195520591312e-03,3.601265290490710241e-03,1.800632647023757849e-03,1.800632647023757849e-03,2.847050195520591312e-03,1.800632647023757849e-03,0.000000000000000000e+00,0.000000000000000000e+00,0.000000000000000000e+00,0.000000000000000000e+00,0.000000000000000000e+00,0.000000000000000000e+00,0.000000000000000000e+00,0.000000000000000000e+00,0.000000000000000000e+00,0.000000000000000000e+00,1.800632647023757849e-03,1.800632647023757849e-03,1.800632647023757849e-03
1.273239555345968875e-03,1.273239555345968875e-03,0.000000000000000000e+00,0.000000000000000000e+00,1.800632647023757849e-03,1.800632647023757849e-03,0.000000000000000000e+00,0.000000000000000000e+00,1.273239555345968875e-03,1.273239555345968875e-03,0.000000000000000000e+00,1.273239555345968875e-03,1.800632647023757849e-03,1.273239555345968875e-03,0.000000000000000000e+00,1.273239555345968875e-03,2.546479109434417187e-03,1.800632647023757849e-03,1.800632647023757849e-03,2.847050195520591312e-03,2.546479109434417187e-03,2.847050195520591312e-03,3.601265290490710241e-03,2.847050195520591312e-03,2.546479109434417187e-03,2.546479109434417187e-03,1.273239555345968875e-03,0.000000000000000000e+00,1.800632647023757849e-03,1.273239555345968875e-03,0.000000000000000000e+00,1.273239555345968875e-03,1.800632647023757849e-03,1.273239555345968875e-03,1.800632647023757849e-03,2.847050195520591312e-03,2.847050195520591312e-03,3.601265290490710241e-03,4.026336995948334371e-03,4.026336995948334371e-03,2.847050195520591312e-03,2.847050195520591312e-03,3.601265290490710241e-03,1.800632647023757849e-03,0.000000000000000000e+00,0.000000000000000000e+00,1.273239555345968875e-03,1.273239555345968875e-03,1.273239555345968875e-03,1.273239555345968875e-03,1.273239555345968875e-03,1.273239555345968875e-03,1.273239555345968875e-03,0.000000000000000000e+00,0.000000000000000000e+00,0.000000000000000000e+00,1.273239555345968875e-03,1.800632647023757849e-03
1.273239555345968875e-03,1.273239555345968875e-03,0.000000000000000000e+00,1.273239555345968875e-03,1.800632647023757849e-03,0.000000000000000000e+00,1.273239555345968875e-03,1.800632647023757849e-03,1.800632647023757849e-03,1.800632647023757849e-03,1.273239555345968875e-03,1.800632647023757849e-03,1.273239555345968875e-03,0.000000000000000000e+00,0.000000000000000000e+00,1.273239555345968875e-03,2.546479109434417187e-03,2.546479109434417187e-03,3.601265290490710241e-03,1.800632647023757849e-03,2.546479109434417187e-03,1.800632647023757849e-03,2.847050195520591312e-03,4.026336995948334371e-03,3.819718661007824156e-03,2.546479109434417187e-03,1.273239555345968875e-03,1.800632647023757849e-03,1.800632647023757849e-03,0.000000000000000000e+00,1.273239555345968875e-03,1.273239555345968875e-03,1.273239555345968875e-03,1.800632647023757849e-03,2.847050195520591312e-03,2.546479109434417187e-03,2.847050195520591312e-03,4.026336995948334371e-03,5.092958208808669868e-03,5.092958208808669868e-03,4.026336995948334371e-03,4.026336995948334371e-03,2.546479109434417187e-03,1.273239555345968875e-03,1.273239555345968875e-03,1.800632647023757849e-03,1.800632647023757849e-03,1.273239555345968875e-03,1.273239555345968875e-03,1.273239555345968875e-03,1.273239555345968875e-03,1.273239555345968875e-03,1.273239555345968875e-03,1.273239555345968875e-03,0.000000000000000000e+00,0.000000000000000000e+00,0.000000000000000000e+00,1.273239555345968875e-03
1.273239555345968875e-03,1.273239555345968875e-03,0.000000000000000000e+00,1.800632647023757849e-03,1.273239555345968875e-03,1.800632647023757849e-03,1.800632647023757849e-03,1.273239555345968875e-03,1.273239555345968875e-03,1.273239555345968875e-03,2.546479109434417187e-03,0.000000000000000000e+00,0.000000000000000000e+00,0.000000000000000000e+00,0.000000000000000000e+00,1.273239555345968875e-03,2.546479109434417187e-03,3.819718661007824156e-03,2.546479109434417187e-03,1.273239555345968875e-03,1.273239555345968875e-03,2.546479109434417187e-03,2.546479109434417187e-03,3.819718661007824156e-03,3.819718661007824156e-03,2.546479109434417187e-03,2.546479109434417187e-03,1.800632647023757849e-03,0.000000000000000000e+00,1.800632647023757849e-03,1.800632647023757849e-03,1.800632647023757849e-03,1.800632647023757849e-03,2.847050195520591312e-03,3.819718661007824156e-03,4.026336995948334371e-03,3.819718661007824156e-03,5.092958208808669868e-03,3.819718661007824156e-03,3.819718661007824156e-03,3.819718661007824156e-03,2.546479109434417187e-03,2.546479109434417187e-03,2.546479109434417187e-03,2.546479109434417187e-03,2.546479109434417187e-03,1.273239555345968875e-03,0.000000000000000000e+00,0.000000000000000000e+00,0.000000000000000000e+00,0.000000000000000000e+00,1.273239555345968875e-03,1.800632647023757849e-03,0.000000000000000000e+00,0.000000000000000000e+00,0.000000000000000000e+00,0.000000000000000000e+00,0.000000000000000000e+00
1.273239555345968875e-03,0.000000000000000000e+00,1.273239555345968875e-03,1.800632647023757849e-03,1.273239555345968875e-03,1.800632647023757849e-03,1.273239555345968875e-03,1.800632647023757849e-03,2.847050195520591312e-03,2.546479109434417187e-03,1.800632647023757849e-03,1.800632647023757849e-03,0.000000000000000000e+00,0.000000000000000000e+00,0.000000000000000000e+00,1.273239555345968875e-03,2.546479109434417187e-03,2.546479109434417187e-03,2.847050195520591312e-03,2.546479109434417187e-03,1.273239555345968875e-03,2.847050195520591312e-03,2.847050195520591312e-03,4.026336995948334371e-03,3.819718661007824156e-03,2.546479109434417187e-03,2.546479109434417187e-03,1.273239555345968875e-03,1.800632647023757849e-03,1.800632647023757849e-03,1.273239555345968875e-03,0.000000000000000000e+00,2.847050195520591312e-03,2.847050195520591312e-03,1.273239555345968875e-03,3.819718661007824156e-03,3.819718661007824156e-03,4.026336995948334371e-03,4.026336995948334371e-03,3.819718661007824156e-03,2.546479109434417187e-03,2.546479109434417187e-03,2.546479109434417187e-03,1.273239555345968875e-03,1.273239555345968875e-03,1.273239555345968875e-03,1.800632647023757849e-03,1.273239555345968875e-03,0.000000000000000000e+00,0.000000000000000000e+00,0.000000000000000000e+00,1.273239555345968875e-03,1.273239555345968875e-03,0.000000000000000000e+00,0.000000000000000000e+00,0.000000000000000000e+00,1.273239555345968875e-03,0.000000000000000000e+00
0.000000000000000000e+00,0.000000000000000000e+00,1.273239555345968875e-03,1.273239555345968875e-03,1.273239555345968875e-03,2.546479109434417187e-03,1.800632647023757849e-03,2.847050195520591312e-03,2.847050195520591312e-03,2.847050195520591312e-03,1.800632647023757849e-03,1.800632647023757849e-03,1.273239555345968875e-03,0.000000000000000000e+00,0.000000000000000000e+00,1.800632647023757849e-03,2.847050195520591312e-03,2.847050195520591312e-03,2.847050195520591312e-03,2.847050195520591312e-03,4.026336995948334371e-03,3.601265290490710241e-03,3.601265290490710241e-03,3.601265290490710241e-03,2.847050195520591312e-03,2.847050195520591312e-03,2.847050195520591312e-03,2.847050195520591312e-03,1.800632647023757849e-03,1.800632647023757849e-03,1.273239555345968875e-03,1.273239555345968875e-03,1.800632647023757849e-03,1.273239555345968875e-03,1.800632647023757849e-03,2.847050195520591312e-03,2.546479109434417187e-03,2.546479109434417187e-03,3.819718661007824156e-03,4.026336995948334371e-03,4.026336995948334371e-03,2.546479109434417187e-03,1.800632647023757849e-03,1.800632647023757849e-03,0.000000000000000000e+00,1.273239555345968875e-03,1.273239555345968875e-03,1.800632647023757849e-03,0.000000000000000000e+00,0.000000000000000000e+00,0.000000000000000000e+00,1.273239555345968875e-03,1.273239555345968875e-03,0.000000000000000000e+00,1.273239555345968875e-03,1.800632647023757849e-03,1.273239555345968875e-03,1.800632647023757849e-03
0.000000000000000000e+00,0.000000000000000000e+00,1.273239555345968875e-03,1.273239555345968875e-03,1.273239555345968875e-03,2.546479109434417187e-03,2.847050195520591312e-03,3.601265290490710241e-03,1.800632647023757849e-03,2.847050195520591312e-03,3.601265290490710241e-03,2.847050195520591312e-03,1.800632647023757849e-03,0.000000000000000000e+00,1.800632647023757849e-03,1.273239555345968875e-03,3.601265290490710241e-03,4.590730493680751124e-03,4.026336995948334371e-03,3.819718661007824156e-03,3.819718661007824156e-03,4.026336995948334371e-03,3.601265290490710241e-03,3.601265290490710241e-03,3.601265290490710241e-03,3.601265290490710241e-03,2.847050195520591312e-03,1.800632647023757849e-03,1.273239555345968875e-03,1.800632647023757849e-03,0.000000000000000000e+00,1.273239555345968875e-03,1.800632647023757849e-03,2.847050195520591312e-03,2.847050195520591312e-03,2.847050195520591312e-03,3.819718661007824156e-03,3.819718661007824156e-03,3.819718661007824156e-03,2.546479109434417187e-03,2.847050195520591312e-03,3.601265290490710241e-03,1.800632647023757849e-03,1.800632647023757849e-03,1.273239555345968875e-03,1.273239555345968875e-03,1.273239555345968875e-03,1.800632647023757849e-03,1.273239555345968875e-03,0.000000000000000000e+00,0.000000000000000000e+00,1.273239555345968875e-03,1.273239555345968875e-03,1.273239555345968875e-03,1.800632647023757849e-03,1.273239555345968875e-03,0.000000000000000000e+00,1.273239555345968875e-03
0.000000000000000000e+00,0.000000000000000000e+00,1.273239555345968875e-03,1.800632647023757849e-03,1.273239555345968875e-03,3.819718661007824156e-03,4.026336995948334371e-03,1.800632647023757849e-03,1.800632647023757849e-03,1.273239555345968875e-03,2.847050195520591312e-03,2.847050195520591312e-03,2.546479109434417187e-03,2.847050195520591312e-03,1.800632647023757849e-03,1.273239555345968875e-03,2.546479109434417187e-03,4.026336995948334371e-03,4.590730493680751124e-03,4.026336995948334371e-03,4.026336995948334371e-03,4.026336995948334371e-03,4.026336995948334371e-03,3.601265290490710241e-03,3.601265290490710241e-03,1.800632647023757849e-03,1.800632647023757849e-03,1.273239555345968875e-03,1.800632647023757849e-03,1.273239555345968875e-03,1.273239555345968875e-03,1.800632647023757849e-03,3.601265290490710241e-03,1.800632647023757849e-03,2.847050195520591312e-03,3.601265290490710241e-03,4.026336995948334371e-03,3.819718661007824156e-03,4.026336995948334371e-03,3.601265290490710241e-03,1.800632647023757849e-03,1.800632647023757849e-03,2.847050195520591312e-03,1.800632647023757849e-03,1.273239555345968875e-03,1.273239555345968875e-03,1.800632647023757849e-03,1.273239555345968875e-03,1.273239555345968875e-03,0.000000000000000000e+00,0.000000000000000000e+00,1.800632647023757849e-03,1.273239555345968875e-03,1.800632647023757849e-03,1.273239555345968875e-03,1.273239555345968875e-03,1.273239555345968875e-03,1.273239555345968875e-03
1.800632647023757849e-03,1.273239555345968875e-03,0.000000000000000000e+00,1.800632647023757849e-03,2.546479109434417187e-03,3.819718661007824156e-03,4.026336995948334371e-03,2.546479109434417187e-03,1.800632647023757849e-03,1.273239555345968875e-03,2.546479109434417187e-03,4.026336995948334371e-03,4.026336995948334371e-03,2.847050195520591312e-03,1.800632647023757849e-03,1.800632647023757849e-03,2.546479109434417187e-03,2.847050195520591312e-03,2.847050195520591312e-03,3.819718661007824156e-03,3.819718661007824156e-03,4.026336995948334371e-03,4.026336995948334371e-03,2.847050195520591312e-03,1.800632647023757849e-03,1.800632647023757849e-03,1.800632647023757849e-03,1.800632647023757849e-03,1.800632647023757849e-03,1.273239555345968875e-03,1.800632647023757849e-03,2.847050195520591312e-03,1.800632647023757849e-03,1.273239555345968875e-03,2.847050195520591312e-03,2.847050195520591312e-03,1.800632647023757849e-03,3.819718661007824156e-03,2.847050195520591312e-03,3.601265290490710241e-03,2.847050195520591312e-03,2.546479109434417187e-03,1.800632647023757849e-03,1.800632647023757849e-03,1.273239555345968875e-03,0.000000000000000000e+00,1.800632647023757849e-03,2.546479109434417187e-03,1.273239555345968875e-03,0.000000000000000000e+00,1.273239555345968875e-03,1.800632647023757849e-03,1.273239555345968875e-03,1.800632647023757849e-03,1.800632647023757849e-03,1.800632647023757849e-03,2.546479109434417187e-03,2.546479109434417187e-03
1.273239555345968875e-03,1.800632647023757849e-03,1.800632647023757849e-03,1.800632647023757849e-03,2.847050195520591312e-03,2.847050195520591312e-03,4.590730493680751124e-03,4.590730493680751124e-03,2.847050195520591312e-03,2.847050195520591312e-03,4.590730493680751124e-03,4.590730493680751124e-03,4.026336995948334371e-03,2.847050195520591312e-03,2.546479109434417187e-03,1.800632647023757849e-03,2.847050195520591312e-03,2.847050195520591312e-03,2.847050195520591312e-03,2.546479109434417187e-03,2.847050195520591312e-03,4.026336995948334371e-03,2.546479109434417187e-03,2.546479109434417187e-03,1.800632647023757849e-03,1.800632647023757849e-03,1.800632647023757849e-03,1.800632647023757849e-03,0.000000000000000000e+00,1.800632647023757849e-03,2.546479109434417187e-03,1.800632647023757849e-03,0.000000000000000000e+00,1.273239555345968875e-03,2.546479109434417187e-03,2.546479109434417187e-03,3.819718661007824156e-03,1.800632647023757849e-03,2.847050195520591312e-03,3.819718661007824156e-03,3.819718661007824156e-03,1.273239555345968875e-03,1.800632647023757849e-03,2.546479109434417187e-03,1.273239555345968875e-03,0.000000000000000000e+00,1.273239555345968875e-03,2.546479109434417187e-03,1.273239555345968875e-03,0.000000000000000000e+00,1.273239555345968875e-03,1.273239555345968875e-03,1.273239555345968875e-03,2.546479109434417187e-03,1.800632647023757849e-03,1.800632647023757849e-03,2.847050195520591312e-03,3.819718661007824156e-03
0.000000000000000000e+00,0.000000000000000000e+00,1.273239555345968875e-03,2.847050195520591312e-03,3.601265290490710241e-03,4.590730493680751124e-03,4.590730493680751124e-03,6.856604812898237956e-03,6.492273311470121190e-03,6.492273311470121190e-03,5.694100376981675593e-03,4.590730493680751124e-03,4.590730493680751124e-03,3.601265290490710241e-03,2.847050195520591312e-03,2.847050195520591312e-03,1.800632647023757849e-03,1.800632647023757849e-03,2.847050195520591312e-03,2.546479109434417187e-03,2.847050195520591312e-03,1.800632647023757849e-03,1.273239555345968875e-03,1.273239555345968875e-03,2.546479109434417187e-03,1.800632647023757849e-03,1.800632647023757849e-03,0.000000000000000000e+00,1.800632647023757849e-03,1.800632647023757849e-03,1.273239555345968875e-03,1.273239555345968875e-03,0.000000000000000000e+00,1.273239555345968875e-03,2.546479109434417187e-03,2.847050195520591312e-03,2.847050195520591312e-03,5.249701159579520451e-03,6.856604812898237956e-03,5.401897926844052150e-03,2.847050195520591312e-03,1.273239555345968875e-03,1.800632647023757849e-03,2.546479109434417187e-03,1.273239555345968875e-03,0.000000000000000000e+00,1.800632647023757849e-03,2.546479109434417187e-03,1.273239555345968875e-03,0.000000000000000000e+00,1.273239555345968875e-03,1.273239555345968875e-03,1.273239555345968875e-03,2.546479109434417187e-03,2.546479109434417187e-03,3.601265290490710241e-03,4.590730493680751124e-03,6.492273311470121190e-03
1.273239555345968875e-03,1.273239555345968875e-03,1.800632647023757849e-03,2.546479109434417187e-03,4.026336995948334371e-03,5.249701159579520451e-03,6.492273311470121190e-03,6.492273311470121190e-03,7.744813813456832841e-03,7.639437288062594401e-03,6.492273311470121190e-03,5.694100376981675593e-03,5.694100376981675593e-03,4.026336995948334371e-03,2.546479109434417187e-03,2.546479109434417187e-03,1.273239555345968875e-03,1.273239555345968875e-03,2.546479109434417187e-03,2.546479109434417187e-03,2.546479109434417187e-03,1.273239555345968875e-03,1.273239555345968875e-03,1.800632647023757849e-03,1.800632647023757849e-03,1.273239555345968875e-03,0.000000000000000000e+00,1.800632647023757849e-03,1.800632647023757849e-03,0.000000000000000000e+00,1.800632647023757849e-03,1.273239555345968875e-03,0.000000000000000000e+00,1.273239555345968875e-03,1.800632647023757849e-03,1.800632647023757849e-03,2.546479109434417187e-03,6.366197751579432892e-03,6.492273311470121190e-03,4.026336995948334371e-03,1.273239555345968875e-03,1.273239555345968875e-03,1.800632647023757849e-03,1.273239555345968875e-03,1.273239555345968875e-03,1.800632647023757849e-03,1.800632647023757849e-03,1.273239555345968875e-03,1.273239555345968875e-03,0.000000000000000000e+00,1.273239555345968875e-03,1.800632647023757849e-03,1.800632647023757849e-03,2.847050195520591312e-03,3.819718661007824156e-03,5.249701159579520451e-03,7.202530552526977686e-03,6.492273311470121190e-03
1.273239555345968875e-03,1.273239555345968875e-03,2.847050195520591312e-03,1.800632647023757849e-03,3.819718661007824156e-03,5.092958208808669868e-03,6.492273311470121190e-03,7.744813813456832841e-03,8.912676817000633397e-03,8.912676817000633397e-03,7.639437288062594401e-03,6.492273311470121190e-03,4.026336995948334371e-03,2.546479109434417187e-03,2.546479109434417187e-03,1.273239555345968875e-03,1.273239555345968875e-03,1.273239555345968875e-03,1.273239555345968875e-03,1.273239555345968875e-03,1.273239555345968875e-03,1.273239555345968875e-03,1.273239555345968875e-03,1.273239555345968875e-03,0.000000000000000000e+00,1.273239555345968875e-03,1.800632647023757849e-03,1.800632647023757849e-03,0.000000000000000000e+00,1.273239555345968875e-03,1.800632647023757849e-03,0.000000000000000000e+00,0.000000000000000000e+00,0.000000000000000000e+00,1.273239555345968875e-03,1.273239555345968875e-03,2.847050195520591312e-03,2.847050195520591312e-03,1.800632647023757849e-03,1.800632647023757849e-03,1.273239555345968875e-03,1.800632647023757849e-03,1.273239555345968875e-03,1.273239555345968875e-03,2.546479109434417187e-03,1.273239555345968875e-03,0.000000000000000000e+00,1.800632647023757849e-03,1.273239555345968875e-03,0.000000000000000000e+00,0.000000000000000000e+00,1.273239555345968875e-03,1.800632647023757849e-03,4.590730493680751124e-03,5.249701159579520451e-03,7.639437288062594401e-03,7.639437288062594401e-03,1.273239555345968875e-03
0.000000000000000000e+00,1.800632647023757849e-03,1.800632647023757849e-03,1.800632647023757849e-03,3.601265290490710241e-03,4.026336995948334371e-03,6.492273311470121190e-03,9.003163163982684861e-03,1.018591633713602715e-02,9.003163163982684861e-03,7.744813813456832841e-03,6.492273311470121190e-03,4.026336995948334371e-03,2.546479109434417187e-03,1.800632647023757849e-03,1.800632647023757849e-03,1.273239555345968875e-03,0.000000000000000000e+00,0.000000000000000000e+00,0.000000000000000000e+00,0.000000000000000000e+00,0.000000000000000000e+00,0.000000000000000000e+00,0.000000000000000000e+00,1.800632647023757849e-03,1.800632647023757849e-03,1.273239555345968875e-03,0.000000000000000000e+00,1.273239555345968875e-03,1.273239555345968875e-03,1.273239555345968875e-03,0.000000000000000000e+00,0.000000000000000000e+00,1.273239555345968875e-03,1.273239555345968875e-03,1.800632647023757849e-03,1.800632647023757849e-03,0.000000000000000000e+00,1.800632647023757849e-03,1.273239555345968875e-03,1.273239555345968875e-03,1.800632647023757849e-03,0.000000000000000000e+00,1.800632647023757849e-03,1.273239555345968875e-03,1.800632647023757849e-03,2.546479109434417187e-03,1.800632647023757849e-03,1.273239555345968875e-03,0.000000000000000000e+00,0.000000000000000000e+00,0.000000000000000000e+00,1.273239555345968875e-03,2.847050195520591312e-03,6.856604812898237956e-03,6.856604812898237956e-03,8.152711003213594307e-03,7.744813813456832841e-03
1.273239555345968875e-03,1.800632647023757849e-03,1.800632647023757849e-03,3.601265290490710241e-03,3.601265290490710241e-03,5.401897926844052150e-03,7.424198557507585144e-03,8.052673952130377788e-03,8.912676817000633397e-03,9.269323798954957200e-03,8.052673952130377788e-03,5.694100376981675593e-03,4.590730493680751124e-03,3.601265290490710241e-03,1.800632647023757849e-03,1.273239555345968875e-03,1.800632647023757849e-03,1.800632647023757849e-03,0.000000000000000000e+00,0.000000000000000000e+00,0.000000000000000000e+00,0.000000000000000000e+00,0.000000000000000000e+00,1.800632647023757849e-03,1.800632647023757849e-03,0.000000000000000000e+00,0.000000000000000000e+00,1.800632647023757849e-03,1.273239555345968875e-03,1.273239555345968875e-03,1.273239555345968875e-03,0.000000000000000000e+00,0.000000000000000000e+00,0.000000000000000000e+00,1.273239555345968875e-03,1.273239555345968875e-03,0.000000000000000000e+00,0.000000000000000000e+00,0.000000000000000000e+00,1.800632647023757849e-03,1.800632647023757849e-03,0.000000000000000000e+00,1.273239555345968875e-03,1.273239555345968875e-03,0.000000000000000000e+00,1.273239555345968875e-03,2.546479109434417187e-03,2.546479109434417187e-03,1.273239555345968875e-03,1.800632647023757849e-03,1.273239555345968875e-03,1.800632647023757849e-03,0.000000000000000000e+00,2.847050195520591312e-03,4.026336995948334371e-03,6.366197751579432892e-03,5.694100376981675593e-03,6.492273311470121190e-03
1.273239555345968875e-03,2.546479109434417187e-03,2.847050195520591312e-03,2.847050195520591312e-03,4.026336995948334371e-03,6.366197751579432892e-03,6.366197751579432892e-03,6.366197751579432892e-03,6.492273311470121190e-03,8.052673952130377788e-03,8.152711003213594307e-03,6.366197751579432892e-03,4.590730493680751124e-03,2.847050195520591312e-03,3.601265290490710241e-03,1.800632647023757849e-03,0.000000000000000000e+00,1.800632647023757849e-03,1.800632647023757849e-03,0.000000000000000000e+00,0.000000000000000000e+00,0.000000000000000000e+00,1.800632647023757849e-03,1.800632647023757849e-03,0.000000000000000000e+00,0.000000000000000000e+00,1.800632647023757849e-03,1.800632647023757849e-03,0.000000000000000000e+00,1.273239555345968875e-03,0.000000000000000000e+00,0.000000000000000000e+00,0.000000000000000000e+00,0.000000000000000000e+00,0.000000000000000000e+00,0.000000000000000000e+00,0.000000000000000000e+00,0.000000000000000000e+00,0.000000000000000000e+00,1.273239555345968875e-03,1.273239555345968875e-03,0.000000000000000000e+00,0.000000000000000000e+00,1.800632647023757849e-03,1.273239555345968875e-03,1.273239555345968875e-03,2.546479109434417187e-03,2.546479109434417187e-03,1.273239555345968875e-03,2.546479109434417187e-03,5.092958208808669868e-03,6.492273311470121190e-03,6.366197751579432892e-03,2.847050195520591312e-03,1.273239555345968875e-03,3.601265290490710241e-03,5.401897926844052150e-03,5.249701159579520451e-03
1.273239555345968875e-03,2.546479109434417187e-03,2.546479109434417187e-03,2.546479109434417187e-03,5.092958208808669868e-03,6.366197751579432892e-03,5.249701159579520451e-03,5.249701159579520451e-03,3.601265290490710241e-03,3.601265290490710241e-03,6.856604812898237956e-03,6.492273311470121190e-03,5.249701159579520451e-03,2.847050195520591312e-03,1.800632647023757849e-03,2.847050195520591312e-03,1.800632647023757849e-03,0.000000000000000000e+00,1.800632647023757849e-03,1.800632647023757849e-03,1.273239555345968875e-03,1.800632647023757849e-03,1.800632647023757849e-03,1.273239555345968875e-03,1.273239555345968875e-03,1.800632647023757849e-03,2.847050195520591312e-03,1.273239555345968875e-03,1.273239555345968875e-03,0.000000000000000000e+00,0.000000000000000000e+00,0.000000000000000000e+00,0.000000000000000000e+00,0.000000000000000000e+00,1.273239555345968875e-03,1.273239555345968875e-03,0.000000000000000000e+00,0.000000000000000000e+00,0.000000000000000000e+00,1.273239555345968875e-03,1.273239555345968875e-03,0.000000000000000000e+00,0.000000000000000000e+00,1.273239555345968875e-03,1.273239555345968875e-03,1.273239555345968875e-03,2.546479109434417187e-03,2.546479109434417187e-03,2.847050195520591312e-03,4.590730493680751124e-03,7.424198557507585144e-03,1.018591633713602715e-02,1.087856340063126509e-02,5.401897926844052150e-03,1.273239555345968875e-03,2.847050195520591312e-03,5.092958208808669868e-03,1.440506087741843383e-02
1.273239555345968875e-03,2.847050195520591312e-03,2.847050195520591312e-03,2.847050195520591312e-03,3.819718661007824156e-03,6.856604812898237956e-03,6.492273311470121190e-03,5.249701159579520451e-03,3.601265290490710241e-03,3.601265290490710241e-03,6.856604812898237956e-03,6.492273311470121190e-03,4.026336995948334371e-03,2.847050195520591312e-03,2.546479109434417187e-03,1.800632647023757849e-03,2.847050195520591312e-03,1.800632647023757849e-03,1.273239555345968875e-03,2.546479109434417187e-03,2.546479109434417187e-03,2.546479109434417187e-03,1.800632647023757849e-03,1.800632647023757849e-03,2.546479109434417187e-03,2.847050195520591312e-03,1.800632647023757849e-03,1.273239555345968875e-03,1.800632647023757849e-03,1.800632647023757849e-03,0.000000000000000000e+00,0.000000000000000000e+00,0.000000000000000000e+00,1.273239555345968875e-03,1.800632647023757849e-03,1.800632647023757849e-03,1.800632647023757849e-03,1.273239555345968875e-03,0.000000000000000000e+00,1.273239555345968875e-03,1.800632647023757849e-03,0.000000000000000000e+00,0.000000000000000000e+00,1.800632647023757849e-03,1.273239555345968875e-03,1.273239555345968875e-03,2.847050195520591312e-03,3.819718661007824156e-03,3.819718661007824156e-03,5.249701159579520451e-03,8.052673952130377788e-03,5.694100376981675593e-03,7.424198557507585144e-03,9.003163163982684861e-03,5.249701159579520451e-03,3.601265290490710241e-03,6.366197751579432892e-03,1.095282066633660595e-02
1.273239555345968875e-03,1.800632647023757849e-03,3.601265290490710241e-03,4.590730493680751124e-03,4.590730493680751124e-03,5.694100376981675593e-03,8.152711003213594307e-03,6.366197751579432892e-03,6.492273311470121190e-03,6.856604812898237956e-03,7.202530552526977686e-03,5.694100376981675593e-03,2.847050195520591312e-03,1.273239555345968875e-03,1.800632647023757849e-03,1.273239555345968875e-03,1.800632647023757849e-03,2.847050195520591312e-03,2.546479109434417187e-03,2.546479109434417187e-03,2.546479109434417187e-03,2.546479109434417187e-03,2.546479109434417187e-03,2.847050195520591312e-03,2.847050195520591312e-03,2.546479109434417187e-03,0.000000000000000000e+00,0.000000000000000000e+00,0.000000000000000000e+00,1.800632647023757849e-03,1.273239555345968875e-03,0.000000000000000000e+00,0.000000000000000000e+00,1.800632647023757849e-03,1.273239555345968875e-03,0.000000000000000000e+00,1.273239555345968875e-03,1.800632647023757849e-03,1.273239555345968875e-03,0.000000000000000000e+00,1.800632647023757849e-03,1.273239555345968875e-03,1.273239555345968875e-03,1.800632647023757849e-03,0.000000000000000000e+00,0.000000000000000000e+00,2.847050195520591312e-03,4.026336995948334371e-03,5.401897926844052150e-03,6.856604812898237956e-03,9.181460928418790426e-03,7.744813813456832841e-03,1.080379575765436605e-02,1.026518536238472078e-02,6.366197751579432892e-03,4.590730493680751124e-03,5.401897926844052150e-03,5.249701159579520451e-03
1.800632647023757849e-03,1.800632647023757849e-03,2.847050195520591312e-03,3.601265290490710241e-03,5.401897926844052150e-03,6.366197751579432892e-03,7.424198557507585144e-03,8.541150530323747547e-03,7.744813813456832841e-03,7.744813813456832841e-03,5.694100376981675593e-03,3.601265290490710241e-03,1.273239555345968875e-03,0.000000000000000000e+00,1.800632647023757849e-03,1.800632647023757849e-03,0.000000000000000000e+00,1.273239555345968875e-03,1.273239555345968875e-03,1.273239555345968875e-03,2.546479109434417187e-03,2.546479109434417187e-03,4.026336995948334371e-03,4.026336995948334371e-03,2.546479109434417187e-03,2.847050195520591312e-03,1.800632647023757849e-03,0.000000000000000000e+00,0.000000000000000000e+00,1.273239555345968875e-03,1.273239555345968875e-03,0.000000000000000000e+00,1.800632647023757849e-03,1.800632647023757849e-03,0.000000000000000000e+00,0.000000000000000000e+00,0.000000000000000000e+00,1.273239555345968875e-03,1.800632647023757849e-03,0.000000000000000000e+00,1.273239555345968875e-03,1.273239555345968875e-03,1.273239555345968875e-03,1.800632647023757849e-03,1.273239555345968875e-03,1.273239555345968875e-03,1.800632647023757849e-03,4.026336995948334371e-03,4.590730493680751124e-03,7.424198557507585144e-03,1.173868852298325972e-02,1.655211376176013785e-02,1.574910312616605371e-02,1.138820064148729667e-02,7.424198557507585144e-03,5.694100376981675593e-03,4.026336995948334371e-03,1.800632647023757849e-03
1.273239555345968875e-03,2.546479109434417187e-03,2.847050195520591312e-03,4.590730493680751124e-03,4.026336995948334371e-03,6.856604812898237956e-03,7.424198557507585144e-03,8.052673952130377788e-03,7.744813813456832841e-03,6.366197751579432892e-03,5.092958208808669868e-03,2.546479109434417187e-03,1.273239555345968875e-03,0.000000000000000000e+00,0.000000000000000000e+00,1.800632647023757849e-03,1.273239555345968875e-03,0.000000000000000000e+00,0.000000000000000000e+00,1.800632647023757849e-03,2.847050195520591312e-03,4.026336995948334371e-03,5.249701159579520451e-03,3.819718661007824156e-03,3.819718661007824156e-03,2.847050195520591312e-03,3.601265290490710241e-03,1.800632647023757849e-03,0.000000000000000000e+00,1.273239555345968875e-03,1.273239555345968875e-03,1.273239555345968875e-03,1.800632647023757849e-03,0.000000000000000000e+00,0.000000000000000000e+00,1.273239555345968875e-03,1.273239555345968875e-03,1.273239555345968875e-03,1.800632647023757849e-03,1.273239555345968875e-03,1.273239555345968875e-03,1.273239555345968875e-03,0.000000000000000000e+00,1.273239555345968875e-03,1.273239555345968875e-03,1.273239555345968875e-03,1.273239555345968875e-03,4.026336995948334371e-03,4.026336995948334371e-03,7.744813813456832841e-03,1.298454645622508161e-02,1.800632588336474951e-02,1.914098688725826905e-02,1.273239534596880274e-02,7.639437288062594401e-03,5.092958208808669868e-03,3.819718661007824156e-03,4.026336995948334371e-03
1.800632647023757849e-03,1.273239555345968875e-03,2.546479109434417187e-03,4.026336995948334371e-03,6.492273311470121190e-03,6.492273311470121190e-03,8.052673952130377788e-03,8.052673952130377788e-03,6.856604812898237956e-03,5.249701159579520451e-03,4.026336995948334371e-03,2.847050195520591312e-03,1.800632647023757849e-03,1.800632647023757849e-03,0.000000000000000000e+00,1.800632647023757849e-03,1.273239555345968875e-03,0.000000000000000000e+00,1.800632647023757849e-03,3.601265290490710241e-03,3.601265290490710241e-03,5.694100376981675593e-03,5.249701159579520451e-03,5.092958208808669868e-03,4.026336995948334371e-03,3.601265290490710241e-03,2.847050195520591312e-03,2.847050195520591312e-03,1.273239555345968875e-03,1.273239555345968875e-03,1.273239555345968875e-03,1.800632647023757849e-03,1.273239555345968875e-03,0.000000000000000000e+00,1.800632647023757849e-03,1.800632647023757849e-03,1.273239555345968875e-03,1.800632647023757849e-03,2.546479109434417187e-03,1.273239555345968875e-03,1.800632647023757849e-03,1.273239555345968875e-03,0.000000000000000000e+00,0.000000000000000000e+00,0.000000000000000000e+00,0.000000000000000000e+00,1.800632647023757849e-03,1.800632647023757849e-03,4.026336995948334371e-03,8.152711003213594307e-03,1.173868852298325972e-02,1.538461171543973119e-02,1.533183416373668471e-02,1.310880331614493709e-02,7.424198557507585144e-03,5.249701159579520451e-03,5.092958208808669868e-03,5.092958208808669868e-03
1.273239555345968875e-03,1.800632647023757849e-03,2.847050195520591312e-03,4.026336995948334371e-03,6.492273311470121190e-03,6.492273311470121190e-03,8.052673952130377788e-03,8.541150530323747547e-03,7.424198557507585144e-03,5.694100376981675593e-03,4.590730493680751124e-03,3.601265290490710241e-03,1.800632647023757849e-03,2.847050195520591312e-03,1.273239555345968875e-03,1.800632647023757849e-03,0.000000000000000000e+00,1.273239555345968875e-03,2.847050195520591312e-03,2.847050195520591312e-03,4.590730493680751124e-03,5.401897926844052150e-03,5.249701159579520451e-03,5.249701159579520451e-03,4.590730493680751124e-03,4.590730493680751124e-03,4.026336995948334371e-03,2.546479109434417187e-03,1.273239555345968875e-03,1.273239555345968875e-03,1.273239555345968875e-03,1.800632647023757849e-03,0.000000000000000000e+00,1.800632647023757849e-03,1.800632647023757849e-03,0.000000000000000000e+00,0.000000000000000000e+00,1.273239555345968875e-03,2.546479109434417187e-03,2.847050195520591312e-03,2.847050195520591312e-03,1.273239555345968875e-03,1.273239555345968875e-03,0.000000000000000000e+00,0.000000000000000000e+00,1.800632647023757849e-03,1.800632647023757849e-03,1.800632647023757849e-03,4.590730493680751124e-03,6.856604812898237956e-03,1.049940223101591096e-02,9.269323798954957200e-03,2.847050195520591312e-03,9.269323798954957200e-03,6.856604812898237956e-03,4.026336995948334371e-03,5.092958208808669868e-03,5.249701159579520451e-03
1.800632647023757849e-03,2.847050195520591312e-03,3.601265290490710241e-03,5.694100376981675593e-03,5.249701159579520451e-03,6.366197751579432892e-03,7.744813813456832841e-03,8.541150530323747547e-03,8.152711003213594307e-03,6.366197751579432892e-03,5.401897926844052150e-03,5.401897926844052150e-03,2.847050195520591312e-03,2.847050195520591312e-03,2.847050195520591312e-03,1.273239555345968875e-03,1.273239555345968875e-03,1.273239555345968875e-03,2.847050195520591312e-03,3.819718661007824156e-03,5.249701159579520451e-03,5.249701159579520451e-03,3.601265290490710241e-03,4.026336995948334371e-03,4.590730493680751124e-03,5.092958208808669868e-03,5.092958208808669868e-03,3.819718661007824156e-03,1.273239555345968875e-03,0.000000000000000000e+00,1.273239555345968875e-03,0.000000000000000000e+00,1.273239555345968875e-03,1.800632647023757849e-03,1.273239555345968875e-03,2.546479109434417187e-03,2.546479109434417187e-03,1.800632647023757849e-03,3.819718661007824156e-03,4.590730493680751124e-03,4.026336995948334371e-03,3.819718661007824156e-03,1.800632647023757849e-03,1.273239555345968875e-03,1.273239555345968875e-03,1.800632647023757849e-03,1.273239555345968875e-03,2.847050195520591312e-03,2.847050195520591312e-03,5.092958208808669868e-03,8.052673952130377788e-03,9.944318726276895129e-03,9.003163163982684861e-03,9.944318726276895129e-03,3.601265290490710241e-03,1.800632647023757849e-03,6.492273311470121190e-03,5.249701159579520451e-03
1.273239555345968875e-03,2.847050195520591312e-03,4.026336995948334371e-03,4.590730493680751124e-03,5.694100376981675593e-03,7.744813813456832841e-03,7.744813813456832841e-03,8.152711003213594307e-03,8.152711003213594307e-03,6.366197751579432892e-03,4.590730493680751124e-03,5.401897926844052150e-03,3.601265290490710241e-03,2.847050195520591312e-03,2.847050195520591312e-03,2.546479109434417187e-03,1.800632647023757849e-03,1.800632647023757849e-03,2.847050195520591312e-03,5.249701159579520451e-03,5.249701159579520451e-03,5.249701159579520451e-03,4.026336995948334371e-03,1.800632647023757849e-03,6.856604812898237956e-03,6.856604812898237956e-03,4.590730493680751124e-03,2.847050195520591312e-03,1.800632647023757849e-03,1.273239555345968875e-03,1.273239555345968875e-03,1.273239555345968875e-03,1.273239555345968875e-03,2.546479109434417187e-03,3.601265290490710241e-03,4.026336995948334371e-03,6.492273311470121190e-03,4.590730493680751124e-03,6.492273311470121190e-03,7.424198557507585144e-03,5.694100376981675593e-03,5.694100376981675593e-03,3.819718661007824156e-03,1.800632647023757849e-03,1.800632647023757849e-03,1.800632647023757849e-03,1.273239555345968875e-03,2.546479109434417187e-03,2.847050195520591312e-03,2.847050195520591312e-03,5.694100376981675593e-03,9.269323798954957200e-03,1.279589895648617498e-02,1.049940223101591096e-02,6.856604812898237956e-03,7.744813813456832841e-03,4.590730493680751124e-03,4.590730493680751124e-03
1.273239555345968875e-03,2.546479109434417187e-03,3.819718661007824156e-03,6.366197751579432892e-03,6.856604812898237956e-03,4.590730493680751124e-03,5.694100376981675593e-03,6.856604812898237956e-03,8.052673952130377788e-03,6.856604812898237956e-03,4.026336995948334371e-03,4.026336995948334371e-03,3.601265290490710241e-03,1.800632647023757849e-03,2.847050195520591312e-03,2.847050195520591312e-03,1.800632647023757849e-03,2.847050195520591312e-03,2.847050195520591312e-03,4.590730493680751124e-03,6.366197751579432892e-03,6.366197751579432892e-03,5.694100376981675593e-03,8.052673952130377788e-03,8.152711003213594307e-03,6.366197751579432892e-03,5.401897926844052150e-03,3.601265290490710241e-03,2.847050195520591312e-03,2.546479109434417187e-03,2.546479109434417187e-03,1.800632647023757849e-03,2.546479109434417187e-03,3.819718661007824156e-03,3.819718661007824156e-03,4.026336995948334371e-03,2.847050195520591312e-03,9.003163163982684861e-03,1.049940223101591096e-02,8.052673952130377788e-03,4.590730493680751124e-03,5.249701159579520451e-03,8.541150530323747547e-03,4.590730493680751124e-03,2.847050195520591312e-03,1.273239555345968875e-03,1.273239555345968875e-03,1.273239555345968875e-03,1.800632647023757849e-03,2.847050195520591312e-03,5.092958208808669868e-03,7.744813813456832841e-03,1.049940223101591096e-02,1.018591633713602715e-02,1.201171776772511426e-02,1.201171776772511426e-02,7.202530552526977686e-03,1.273239555345968875e-03
1.273239555345968875e-03,2.546479109434417187e-03,3.819718661007824156e-03,6.492273311470121190e-03,6.856604812898237956e-03,4.590730493680751124e-03,2.847050195520591312e-03,7.744813813456832841e-03,6.492273311470121190e-03,6.366197751579432892e-03,5.092958208808669868e-03,2.546479109434417187e-03,3.601265290490710241e-03,1.800632647023757849e-03,2.546479109434417187e-03,1.800632647023757849e-03,2.847050195520591312e-03,1.800632647023757849e-03,3.601265290490710241e-03,3.601265290490710241e-03,5.401897926844052150e-03,7.424198557507585144e-03,8.912676817000633397e-03,9.269323798954957200e-03,8.052673952130377788e-03,7.424198557507585144e-03,4.590730493680751124e-03,4.026336995948334371e-03,2.847050195520591312e-03,2.546479109434417187e-03,2.847050195520591312e-03,2.847050195520591312e-03,2.847050195520591312e-03,2.847050195520591312e-03,4.590730493680751124e-03,4.026336995948334371e-03,4.026336995948334371e-03,9.269323798954957200e-03,1.049940223101591096e-02,7.744813813456832841e-03,2.847050195520591312e-03,1.049940223101591096e-02,1.768840864875479910e-02,6.366197751579432892e-03,2.847050195520591312e-03,0.000000000000000000e+00,1.273239555345968875e-03,0.000000000000000000e+00,0.000000000000000000e+00,2.847050195520591312e-03,4.590730493680751124e-03,5.694100376981675593e-03,7.424198557507585144e-03,6.856604812898237956e-03,1.095282066633660595e-02,1.630542167629273412e-02,1.201171776772511426e-02,5.694100376981675593e-03
1.273239555345968875e-03,2.847050195520591312e-03,2.847050195520591312e-03,4.590730493680751124e-03,7.202530552526977686e-03,7.424198557507585144e-03,7.744813813456832841e-03,8.152711003213594307e-03,7.424198557507585144e-03,5.694100376981675593e-03,3.819718661007824156e-03,1.273239555345968875e-03,1.800632647023757849e-03,1.800632647023757849e-03,1.800632647023757849e-03,1.800632647023757849e-03,1.800632647023757849e-03,1.800632647023757849e-03,2.847050195520591312e-03,3.601265290490710241e-03,4.026336995948334371e-03,6.366197751579432892e-03,7.639437288062594401e-03,7.744813813456832841e-03,6.856604812898237956e-03,6.492273311470121190e-03,4.026336995948334371e-03,4.026336995948334371e-03,2.546479109434417187e-03,2.546479109434417187e-03,2.847050195520591312e-03,3.601265290490710241e-03,3.601265290490710241e-03,3.601265290490710241e-03,4.590730493680751124e-03,4.590730493680751124e-03,6.856604812898237956e-03,9.181460928418790426e-03,9.269323798954957200e-03,8.052673952130377788e-03,4.026336995948334371e-03,2.323444030828918788e-02,1.310880331614493709e-02,1.049940223101591096e-02,5.249701159579520451e-03,1.273239555345968875e-03,0.000000000000000000e+00,0.000000000000000000e+00,1.800632647023757849e-03,2.847050195520591312e-03,2.847050195520591312e-03,4.590730493680751124e-03,5.401897926844052150e-03,4.590730493680751124e-03,9.269323798954957200e-03,1.630542167629273412e-02,1.892806607611760908e-02,1.026518536238472251e-02
0.000000000000000000e+00,1.800632647023757849e-03,3.601265290490710241e-03,4.590730493680751124e-03,6.856604812898237956e-03,7.744813813456832841e-03,1.026518536238472251e-02,8.541150530323747547e-03,6.366197751579432892e-03,3.601265290490710241e-03,2.847050195520591312e-03,1.273239555345968875e-03,1.800632647023757849e-03,1.273239555345968875e-03,0.000000000000000000e+00,1.800632647023757849e-03,1.800632647023757849e-03,2.546479109434417187e-03,2.847050195520591312e-03,4.026336995948334371e-03,5.092958208808669868e-03,5.092958208808669868e-03,5.249701159579520451e-03,6.492273311470121190e-03,5.249701159579520451e-03,4.026336995948334371e-03,3.819718661007824156e-03,2.546479109434417187e-03,1.273239555345968875e-03,2.546479109434417187e-03,2.847050195520591312e-03,3.601265290490710241e-03,3.601265290490710241e-03,3.601265290490710241e-03,3.601265290490710241e-03,5.092958208808669868e-03,5.694100376981675593e-03,6.366197751579432892e-03,7.744813813456832841e-03,8.912676817000633397e-03,3.601265290490710241e-03,2.037183203042159524e-02,1.988863685343932389e-02,6.366197751579432892e-03,4.026336995948334371e-03,1.273239555345968875e-03,0.000000000000000000e+00,1.273239555345968875e-03,1.800632647023757849e-03,1.273239555345968875e-03,3.819718661007824156e-03,5.249701159579520451e-03,5.249701159579520451e-03,8.052673952130377788e-03,5.092958208808669868e-03,1.574910312616605371e-02,1.976599250650056330e-02,1.273239534596880447e-02
1.800632647023757849e-03,1.273239555345968875e-03,2.546479109434417187e-03,3.819718661007824156e-03,5.249701159579520451e-03,6.366197751579432892e-03,7.744813813456832841e-03,6.492273311470121190e-03,4.026336995948334371e-03,2.847050195520591312e-03,1.800632647023757849e-03,1.800632647023757849e-03,1.800632647023757849e-03,0.000000000000000000e+00,0.000000000000000000e+00,0.000000000000000000e+00,1.273239555345968875e-03,2.546479109434417187e-03,2.546479109434417187e-03,3.819718661007824156e-03,3.819718661007824156e-03,5.092958208808669868e-03,5.249701159579520451e-03,4.026336995948334371e-03,3.819718661007824156e-03,2.546479109434417187e-03,2.546479109434417187e-03,1.800632647023757849e-03,1.273239555345968875e-03,1.800632647023757849e-03,1.800632647023757849e-03,2.847050195520591312e-03,2.847050195520591312e-03,3.601265290490710241e-03,2.847050195520591312e-03,3.819718661007824156e-03,2.847050195520591312e-03,4.026336995948334371e-03,5.249701159579520451e-03,5.401897926844052150e-03,7.744813813456832841e-03,1.080379575765436605e-02,1.173868852298325972e-02,5.249701159579520451e-03,1.800632647023757849e-03,0.000000000000000000e+00,0.000000000000000000e+00,1.273239555345968875e-03,1.273239555345968875e-03,1.273239555345968875e-03,3.819718661007824156e-03,5.249701159579520451e-03,5.694100376981675593e-03,6.856604812898237956e-03,7.744813813456832841e-03,1.371320942940977734e-02,1.400563483215114605e-02,1.049940223101591096e-02
1.273239555345968875e-03,1.273239555345968875e-03,1.273239555345968875e-03,1.273239555345968875e-03,1.273239555345968875e-03,5.249701159579520451e-03,5.249701159579520451e-03,5.092958208808669868e-03,2.546479109434417187e-03,2.546479109434417187e-03,1.800632647023757849e-03,1.800632647023757849e-03,0.000000000000000000e+00,0.000000000000000000e+00,0.000000000000000000e+00,0.000000000000000000e+00,1.800632647023757849e-03,1.800632647023757849e-03,1.273239555345968875e-03,2.546479109434417187e-03,2.847050195520591312e-03,4.026336995948334371e-03,3.819718661007824156e-03,2.546479109434417187e-03,2.546479109434417187e-03,2.546479109434417187e-03,2.847050195520591312e-03,1.800632647023757849e-03,1.273239555345968875e-03,0.000000000000000000e+00,1.800632647023757849e-03,2.546479109434417187e-03,1.800632647023757849e-03,1.800632647023757849e-03,1.800632647023757849e-03,1.273239555345968875e-03,1.273239555345968875e-03,1.800632647023757849e-03,2.847050195520591312e-03,4.590730493680751124e-03,5.249701159579520451e-03,4.590730493680751124e-03,2.847050195520591312e-03,3.601265290490710241e-03,1.800632647023757849e-03,0.000000000000000000e+00,0.000000000000000000e+00,1.273239555345968875e-03,1.273239555345968875e-03,1.273239555345968875e-03,2.847050195520591312e-03,3.601265290490710241e-03,5.401897926844052150e-03,6.856604812898237956e-03,1.049940223101591096e-02,1.080379575765436605e-02,1.207901082877984276e-02,1.049940223101591096e-02
0.000000000000000000e+00,0.000000000000000000e+00,0.000000000000000000e+00,1.273239555345968875e-03,2.847050195520591312e-03,4.590730493680751124e-03,5.249701159579520451e-03,4.026336995948334371e-03,2.847050195520591312e-03,2.546479109434417187e-03,2.546479109434417187e-03,1.273239555345968875e-03,1.273239555345968875e-03,1.273239555345968875e-03,0.000000000000000000e+00,1.273239555345968875e-03,1.800632647023757849e-03,1.273239555345968875e-03,1.800632647023757849e-03,2.847050195520591312e-03,2.847050195520591312e-03,2.847050195520591312e-03,3.819718661007824156e-03,3.819718661007824156e-03,2.546479109434417187e-03,2.546479109434417187e-03,2.847050195520591312e-03,3.601265290490710241e-03,1.800632647023757849e-03,1.273239555345968875e-03,1.273239555345968875e-03,0.000000000000000000e+00,1.800632647023757849e-03,2.546479109434417187e-03,1.800632647023757849e-03,0.000000000000000000e+00,1.273239555345968875e-03,1.273239555345968875e-03,0.000000000000000000e+00,1.273239555345968875e-03,2.546479109434417187e-03,1.800632647023757849e-03,2.847050195520591312e-03,1.273239555345968875e-03,1.273239555345968875e-03,1.273239555345968875e-03,0.000000000000000000e+00,1.273239555345968875e-03,1.800632647023757849e-03,1.273239555345968875e-03,1.800632647023757849e-03,3.601265290490710241e-03,4.026336995948334371e-03,5.092958208808669868e-03,6.856604812898237956e-03,9.003163163982684861e-03,9.696703471944534761e-03,1.026518536238472251e-02
0.000000000000000000e+00,0.000000000000000000e+00,1.273239555345968875e-03,1.273239555345968875e-03,3.819718661007824156e-03,7.744813813456832841e-03,3.601265290490710241e-03,2.847050195520591312e-03,1.800632647023757849e-03,1.273239555345968875e-03,2.546479109434417187e-03,2.546479109434417187e-03,2.546479109434417187e-03,1.800632647023757849e-03,1.273239555345968875e-03,1.273239555345968875e-03,2.546479109434417187e-03,1.800632647023757849e-03,1.800632647023757849e-03,1.800632647023757849e-03,2.847050195520591312e-03,3.601265290490710241e-03,5.249701159579520451e-03,7.744813813456832841e-03,9.003163163982684861e-03,6.366197751579432892e-03,4.026336995948334371e-03,3.601265290490710241e-03,3.601265290490710241e-03,1.273239555345968875e-03,1.800632647023757849e-03,1.273239555345968875e-03,1.273239555345968875e-03,1.273239555345968875e-03,1.800632647023757849e-03,1.800632647023757849e-03,1.273239555345968875e-03,1.273239555345968875e-03,1.273239555345968875e-03,0.000000000000000000e+00,1.800632647023757849e-03,2.847050195520591312e-03,1.800632647023757849e-03,1.273239555345968875e-03,1.800632647023757849e-03,0.000000000000000000e+00,0.000000000000000000e+00,0.000000000000000000e+00,1.273239555345968875e-03,1.800632647023757849e-03,1.800632647023757849e-03,2.546479109434417187e-03,4.026336995948334371e-03,3.819718661007824156e-03,5.401897926844052150e-03,5.694100376981675593e-03,6.492273311470121190e-03,7.639437288062594401e-03
0.000000000000000000e+00,0.000000000000000000e+00,0.000000000000000000e+00,1.273239555345968875e-03,4.590730493680751124e-03,6.366197751579432892e-03,2.847050195520591312e-03,2.847050195520591312e-03,1.273239555345968875e-03,1.800632647023757849e-03,4.026336995948334371e-03,3.819718661007824156e-03,2.847050195520591312e-03,2.546479109434417187e-03,1.273239555345968875e-03,1.800632647023757849e-03,2.847050195520591312e-03,1.273239555345968875e-03,1.800632647023757849e-03,2.847050195520591312e-03,3.601265290490710241e-03,4.590730493680751124e-03,6.366197751579432892e-03,8.541150530323747547e-03,1.152967439303958889e-02,1.026518536238472078e-02,6.366197751579432892e-03,4.590730493680751124e-03,4.026336995948334371e-03,2.847050195520591312e-03,1.273239555345968875e-03,1.273239555345968875e-03,1.273239555345968875e-03,1.273239555345968875e-03,0.000000000000000000e+00,1.273239555345968875e-03,0.000000000000000000e+00,0.000000000000000000e+00,0.000000000000000000e+00,1.273239555345968875e-03,1.800632647023757849e-03,1.800632647023757849e-03,1.273239555345968875e-03,1.273239555345968875e-03,1.273239555345968875e-03,0.000000000000000000e+00,1.273239555345968875e-03,1.273239555345968875e-03,1.273239555345968875e-03,1.273239555345968875e-03,1.273239555345968875e-03,1.273239555345968875e-03,1.273239555345968875e-03,3.819718661007824156e-03,2.847050195520591312e-03,4.026336995948334371e-03,6.366197751579432892e-03,6.492273311470121190e-03
0.000000000000000000e+00,0.000000000000000000e+00,0.000000000000000000e+00,1.800632647023757849e-03,2.847050195520591312e-03,2.847050195520591312e-03,4.026336995948334371e-03,2.546479109434417187e-03,1.800632647023757849e-03,3.819718661007824156e-03,5.694100376981675593e-03,9.003163163982684861e-03,4.026336995948334371e-03,3.819718661007824156e-03,2.546479109434417187e-03,2.847050195520591312e-03,1.800632647023757849e-03,1.800632647023757849e-03,2.847050195520591312e-03,2.847050195520591312e-03,2.847050195520591312e-03,4.026336995948334371e-03,6.492273311470121190e-03,6.856604812898237956e-03,2.546479109434417187e-03,8.052673952130377788e-03,8.052673952130377788e-03,5.249701159579520451e-03,3.819718661007824156e-03,2.847050195520591312e-03,2.546479109434417187e-03,1.273239555345968875e-03,1.800632647023757849e-03,1.273239555345968875e-03,0.000000000000000000e+00,1.273239555345968875e-03,1.800632647023757849e-03,1.800632647023757849e-03,1.273239555345968875e-03,1.800632647023757849e-03,2.546479109434417187e-03,1.800632647023757849e-03,1.273239555345968875e-03,1.800632647023757849e-03,1.273239555345968875e-03,1.800632647023757849e-03,1.800632647023757849e-03,1.273239555345968875e-03,1.273239555345968875e-03,1.800632647023757849e-03,1.800632647023757849e-03,0.000000000000000000e+00,1.273239555345968875e-03,1.800632647023757849e-03,1.800632647023757849e-03,2.847050195520591312e-03,3.819718661007824156e-03,4.590730493680751124e-03
0.000000000000000000e+00,0.000000000000000000e+00,1.273239555345968875e-03,1.800632647023757849e-03,1.273239555345968875e-03,1.800632647023757849e-03,1.273239555345968875e-03,1.273239555345968875e-03,2.847050195520591312e-03,9.181460928418790426e-03,1.731792973806704078e-02,7.424198557507585144e-03,1.049940223101591096e-02,4.026336995948334371e-03,2.847050195520591312e-03,2.847050195520591312e-03,2.847050195520591312e-03,1.800632647023757849e-03,1.273239555345968875e-03,2.546479109434417187e-03,2.546479109434417187e-03,3.819718661007824156e-03,6.492273311470121190e-03,5.694100376981675593e-03,5.249701159579520451e-03,6.366197751579432892e-03,6.366197751579432892e-03,6.366197751579432892e-03,3.819718661007824156e-03,2.847050195520591312e-03,2.847050195520591312e-03,2.546479109434417187e-03,1.800632647023757849e-03,0.000000000000000000e+00,0.000000000000000000e+00,1.800632647023757849e-03,1.273239555345968875e-03,1.273239555345968875e-03,1.273239555345968875e-03,1.800632647023757849e-03,1.273239555345968875e-03,2.546479109434417187e-03,1.800632647023757849e-03,2.546479109434417187e-03,1.800632647023757849e-03,2.847050195520591312e-03,1.273239555345968875e-03,1.273239555345968875e-03,1.273239555345968875e-03,0.000000000000000000e+00,1.800632647023757849e-03,1.800632647023757849e-03,1.800632647023757849e-03,1.273239555345968875e-03,1.273239555345968875e-03,2.546479109434417187e-03,2.847050195520591312e-03,2.847050195520591312e-03
0.000000000000000000e+00,0.000000000000000000e+00,1.273239555345968875e-03,1.800632647023757849e-03,0.000000000000000000e+00,1.800632647023757849e-03,1.800632647023757849e-03,1.800632647023757849e-03,3.601265290490710241e-03,9.181460928418790426e-03,1.406339027004888456e-02,1.943515757755021403e-02,6.492273311470121190e-03,4.590730493680751124e-03,3.601265290490710241e-03,3.601265290490710241e-03,1.800632647023757849e-03,0.000000000000000000e+00,1.800632647023757849e-03,2.847050195520591312e-03,2.847050195520591312e-03,2.847050195520591312e-03,4.590730493680751124e-03,6.856604812898237956e-03,6.492273311470121190e-03,5.694100376981675593e-03,5.401897926844052150e-03,5.249701159579520451e-03,5.249701159579520451e-03,4.026336995948334371e-03,1.800632647023757849e-03,1.800632647023757849e-03,1.273239555345968875e-03,1.273239555345968875e-03,1.800632647023757849e-03,1.800632647023757849e-03,0.000000000000000000e+00,0.000000000000000000e+00,1.273239555345968875e-03,0.000000000000000000e+00,1.273239555345968875e-03,2.546479109434417187e-03,2.847050195520591312e-03,1.800632647023757849e-03,2.847050195520591312e-03,2.847050195520591312e-03,2.546479109434417187e-03,2.546479109434417187e-03,2.847050195520591312e-03,1.800632647023757849e-03,1.273239555345968875e-03,1.273239555345968875e-03,1.273239555345968875e-03,0.000000000000000000e+00,1.273239555345968875e-03,1.800632647023757849e-03,1.800632647023757849e-03,2.847050195520591312e-03
1.800632647023757849e-03,1.273239555345968875e-03,0.000000000000000000e+00,1.800632647023757849e-03,1.800632647023757849e-03,1.273239555345968875e-03,2.546479109434417187e-03,2.847050195520591312e-03,2.847050195520591312e-03,4.026336995948334371e-03,5.249701159579520451e-03,4.590730493680751124e-03,5.694100376981675593e-03,3.819718661007824156e-03,4.026336995948334371e-03,4.026336995948334371e-03,1.273239555345968875e-03,1.800632647023757849e-03,1.273239555345968875e-03,0.000000000000000000e+00,2.847050195520591312e-03,3.601265290490710241e-03,2.847050195520591312e-03,5.249701159579520451e-03,5.092958208808669868e-03,5.694100376981675593e-03,4.590730493680751124e-03,5.401897926844052150e-03,5.401897926844052150e-03,3.601265290490710241e-03,2.847050195520591312e-03,2.847050195520591312e-03,1.800632647023757849e-03,1.800632647023757849e-03,1.273239555345968875e-03,0.000000000000000000e+00,1.273239555345968875e-03,0.000000000000000000e+00,0.000000000000000000e+00,0.000000000000000000e+00,1.800632647023757849e-03,3.819718661007824156e-03,2.847050195520591312e-03,1.800632647023757849e-03,3.601265290490710241e-03,4.026336995948334371e-03,3.819718661007824156e-03,2.546479109434417187e-03,1.800632647023757849e-03,2.847050195520591312e-03,1.800632647023757849e-03,1.800632647023757849e-03,0.000000000000000000e+00,0.000000000000000000e+00,0.000000000000000000e+00,1.800632647023757849e-03,1.800632647023757849e-03,2.546479109434417187e-03
2.546479109434417187e-03,1.800632647023757849e-03,1.800632647023757849e-03,0.000000000000000000e+00,1.273239555345968875e-03,1.273239555345968875e-03,1.273239555345968875e-03,1.273239555345968875e-03,1.273239555345968875e-03,1.273239555345968875e-03,2.546479109434417187e-03,1.273239555345968875e-03,2.546479109434417187e-03,2.847050195520591312e-03,4.590730493680751124e-03,3.819718661007824156e-03,4.026336995948334371e-03,2.546479109434417187e-03,0.000000000000000000e+00,1.273239555345968875e-03,0.000000000000000000e+00,1.800632647023757849e-03,2.847050195520591312e-03,2.546479109434417187e-03,5.249701159579520451e-03,4.026336995948334371e-03,4.590730493680751124e-03,6.366197751579432892e-03,5.401897926844052150e-03,4.026336995948334371e-03,4.026336995948334371e-03,2.847050195520591312e-03,2.546479109434417187e-03,1.273239555345968875e-03,1.273239555345968875e-03,1.800632647023757849e-03,1.273239555345968875e-03,1.273239555345968875e-03,0.000000000000000000e+00,1.800632647023757849e-03,1.800632647023757849e-03,2.847050195520591312e-03,3.819718661007824156e-03,3.601265290490710241e-03,5.401897926844052150e-03,4.590730493680751124e-03,5.249701159579520451e-03,4.590730493680751124e-03,1.800632647023757849e-03,1.800632647023757849e-03,1.273239555345968875e-03,1.800632647023757849e-03,1.800632647023757849e-03,0.000000000000000000e+00,0.000000000000000000e+00,0.000000000000000000e+00,1.273239555345968875e-03,1.273239555345968875e-03
2.847050195520591312e-03,1.800632647023757849e-03,1.800632647023757849e-03,1.800632647023757849e-03,0.000000000000000000e+00,0.000000000000000000e+00,0.000000000000000000e+00,0.000000000000000000e+00,1.800632647023757849e-03,1.273239555345968875e-03,0.000000000000000000e+00,1.800632647023757849e-03,1.800632647023757849e-03,2.847050195520591312e-03,4.590730493680751124e-03,4.026336995948334371e-03,4.026336995948334371e-03,3.601265290490710241e-03,1.800632647023757849e-03,0.000000000000000000e+00,0.000000000000000000e+00,1.273239555345968875e-03,2.546479109434417187e-03,2.847050195520591312e-03,4.026336995948334371e-03,2.847050195520591312e-03,4.590730493680751124e-03,5.401897926844052150e-03,4.590730493680751124e-03,4.590730493680751124e-03,5.249701159579520451e-03,3.819718661007824156e-03,3.819718661007824156e-03,2.546479109434417187e-03,1.273239555345968875e-03,1.273239555345968875e-03,1.800632647023757849e-03,1.273239555345968875e-03,1.273239555345968875e-03,1.273239555345968875e-03,1.273239555345968875e-03,2.847050195520591312e-03,4.026336995948334371e-03,5.249701159579520451e-03,5.401897926844052150e-03,4.590730493680751124e-03,3.819718661007824156e-03,5.401897926844052150e-03,4.590730493680751124e-03,2.847050195520591312e-03,1.800632647023757849e-03,0.000000000000000000e+00,1.273239555345968875e-03,1.273239555345968875e-03,0.000000000000000000e+00,1.273239555345968875e-03,1.273239555345968875e-03,1.273239555345968875e-03
2.847050195520591312e-03,3.601265290490710241e-03,1.800632647023757849e-03,1.800632647023757849e-03,1.273239555345968875e-03,0.000000000000000000e+00,0.000000000000000000e+00,1.273239555345968875e-03,1.800632647023757849e-03,0.000000000000000000e+00,1.800632647023757849e-03,1.800632647023757849e-03,1.800632647023757849e-03,4.590730493680751124e-03,4.590730493680751124e-03,2.546479109434417187e-03,3.601265290490710241e-03,2.847050195520591312e-03,2.847050195520591312e-03,1.273239555345968875e-03,1.800632647023757849e-03,1.800632647023757849e-03,2.546479109434417187e-03,2.847050195520591312e-03,2.847050195520591312e-03,4.026336995948334371e-03,5.401897926844052150e-03,6.366197751579432892e-03,5.401897926844052150e-03,6.366197751579432892e-03,5.249701159579520451e-03,6.366197751579432892e-03,5.249701159579520451e-03,4.590730493680751124e-03,1.800632647023757849e-03,1.273239555345968875e-03,1.800632647023757849e-03,1.273239555345968875e-03,1.273239555345968875e-03,1.800632647023757849e-03,2.546479109434417187e-03,4.026336995948334371e-03,3.819718661007824156e-03,5.092958208808669868e-03,6.366197751579432892e-03,2.847050195520591312e-03,1.800632647023757849e-03,3.819718661007824156e-03,4.026336995948334371e-03,2.546479109434417187e-03,2.847050195520591312e-03,2.546479109434417187e-03,1.800632647023757849e-03,0.000000000000000000e+00,1.800632647023757849e-03,1.800632647023757849e-03,2.546479109434417187e-03,2.546479109434417187e-03
4.590730493680751124e-03,4.590730493680751124e-03,3.601265290490710241e-03,2.546479109434417187e-03,1.273239555345968875e-03,0.000000000000000000e+00,0.000000000000000000e+00,1.273239555345968875e-03,1.273239555345968875e-03,1.800632647023757849e-03,2.847050195520591312e-03,2.847050195520591312e-03,3.601265290490710241e-03,2.847050195520591312e-03,2.546479109434417187e-03,1.800632647023757849e-03,2.546479109434417187e-03,3.819718661007824156e-03,2.847050195520591312e-03,2.546479109434417187e-03,1.800632647023757849e-03,1.273239555345968875e-03,1.800632647023757849e-03,1.800632647023757849e-03,2.847050195520591312e-03,3.601265290490710241e-03,5.401897926844052150e-03,5.401897926844052150e-03,6.366197751579432892e-03,6.366197751579432892e-03,6.856604812898237956e-03,7.639437288062594401e-03,6.856604812898237956e-03,5.401897926844052150e-03,4.590730493680751124e-03,2.546479109434417187e-03,2.847050195520591312e-03,2.847050195520591312e-03,2.847050195520591312e-03,2.847050195520591312e-03,1.800632647023757849e-03,2.847050195520591312e-03,5.694100376981675593e-03,5.249701159579520451e-03,6.366197751579432892e-03,5.401897926844052150e-03,4.026336995948334371e-03,4.590730493680751124e-03,4.026336995948334371e-03,2.847050195520591312e-03,1.800632647023757849e-03,2.546479109434417187e-03,1.273239555345968875e-03,1.273239555345968875e-03,1.800632647023757849e-03,1.273239555345968875e-03,1.800632647023757849e-03,2.546479109434417187e-03
6.856604812898237956e-03,5.401897926844052150e-03,5.249701159579520451e-03,4.026336995948334371e-03,1.800632647023757849e-03,1.273239555345968875e-03,1.273239555345968875e-03,1.273239555345968875e-03,2.546479109434417187e-03,3.601265290490710241e-03,3.601265290490710241e-03,4.026336995948334371e-03,2.546479109434417187e-03,1.273239555345968875e-03,1.800632647023757849e-03,2.546479109434417187e-03,4.026336995948334371e-03,4.590730493680751124e-03,3.601265290490710241e-03,1.800632647023757849e-03,1.273239555345968875e-03,1.800632647023757849e-03,1.273239555345968875e-03,1.800632647023757849e-03,2.847050195520591312e-03,4.026336995948334371e-03,5.694100376981675593e-03,5.694100376981675593e-03,6.366197751579432892e-03,7.202530552526977686e-03,8.541150530323747547e-03,7.639437288062594401e-03,8.152711003213594307e-03,7.424198557507585144e-03,5.249701159579520451e-03,5.249701159579520451e-03,4.590730493680751124e-03,2.847050195520591312e-03,2.847050195520591312e-03,4.590730493680751124e-03,4.590730493680751124e-03,2.847050195520591312e-03,4.590730493680751124e-03,4.590730493680751124e-03,6.366197751579432892e-03,6.856604812898237956e-03,7.639437288062594401e-03,4.026336995948334371e-03,3.601265290490710241e-03,2.847050195520591312e-03,1.800632647023757849e-03,1.800632647023757849e-03,1.273239555345968875e-03,1.800632647023757849e-03,1.273239555345968875e-03,1.800632647023757849e-03,2.847050195520591312e-03,2.847050195520591312e-03
5.401897926844052150e-03,7.744813813456832841e-03,7.744813813456832841e-03,5.694100376981675593e-03,2.847050195520591312e-03,3.819718661007824156e-03,2.847050195520591312e-03,2.847050195520591312e-03,3.819718661007824156e-03,4.590730493680751124e-03,4.590730493680751124e-03,5.249701159579520451e-03,4.026336995948334371e-03,1.800632647023757849e-03,2.546479109434417187e-03,4.026336995948334371e-03,5.694100376981675593e-03,4.590730493680751124e-03,2.847050195520591312e-03,2.546479109434417187e-03,1.800632647023757849e-03,1.800632647023757849e-03,1.800632647023757849e-03,2.847050195520591312e-03,2.847050195520591312e-03,4.026336995948334371e-03,5.249701159579520451e-03,5.249701159579520451e-03,6.856604812898237956e-03,8.541150530323747547e-03,7.202530552526977686e-03,5.249701159579520451e-03,7.424198557507585144e-03,9.269323798954957200e-03,9.003163163982684861e-03,6.856604812898237956e-03,5.401897926844052150e-03,4.026336995948334371e-03,3.819718661007824156e-03,4.026336995948334371e-03,5.401897926844052150e-03,4.590730493680751124e-03,4.026336995948334371e-03,3.601265290490710241e-03,4.026336995948334371e-03,6.492273311470121190e-03,5.249701159579520451e-03,4.026336995948334371e-03,2.847050195520591312e-03,1.800632647023757849e-03,1.273239555345968875e-03,1.800632647023757849e-03,1.273239555345968875e-03,1.273239555345968875e-03,1.273239555345968875e-03,2.847050195520591312e-03,2.847050195520591312e-03,1.800632647023757849e-03
5.694100376981675593e-03,9.696703471944534761e-03,9.696703471944534761e-03,6.366197751579432892e-03,4.590730493680751124e-03,5.092958208808669868e-03,4.590730493680751124e-03,4.590730493680751124e-03,6.492273311470121190e-03,6.492273311470121190e-03,6.366197751579432892e-03,5.249701159579520451e-03,5.401897926844052150e-03,5.249701159579520451e-03,4.590730493680751124e-03,5.694100376981675593e-03,5.249701159579520451e-03,4.026336995948334371e-03,2.847050195520591312e-03,2.546479109434417187e-03,2.546479109434417187e-03,1.800632647023757849e-03,1.800632647023757849e-03,1.800632647023757849e-03,2.546479109434417187e-03,3.819718661007824156e-03,5.092958208808669868e-03,6.366197751579432892e-03,7.744813813456832841e-03,7.639437288062594401e-03,5.249701159579520451e-03,1.800632647023757849e-03,7.639437288062594401e-03,1.152967439303958889e-02,1.049940223101591096e-02,8.541150530323747547e-03,7.202530552526977686e-03,6.492273311470121190e-03,6.492273311470121190e-03,5.694100376981675593e-03,4.590730493680751124e-03,5.694100376981675593e-03,4.026336995948334371e-03,1.800632647023757849e-03,1.273239555345968875e-03,2.847050195520591312e-03,2.847050195520591312e-03,2.847050195520591312e-03,2.546479109434417187e-03,1.273239555345968875e-03,1.800632647023757849e-03,1.273239555345968875e-03,0.000000000000000000e+00,1.800632647023757849e-03,2.546479109434417187e-03,2.546479109434417187e-03,2.546479109434417187e-03,1.800632647023757849e-03
1.026518536238472078e-02,1.173868852298325972e-02,9.181460928418790426e-03,7.202530552526977686e-03,8.052673952130377788e-03,7.639437288062594401e-03,8.541150530323747547e-03,6.366197751579432892e-03,8.052673952130377788e-03,9.003163163982684861e-03,6.366197751579432892e-03,1.273239555345968875e-03,5.092958208808669868e-03,7.744813813456832841e-03,6.856604812898237956e-03,6.366197751579432892e-03,6.492273311470121190e-03,6.366197751579432892e-03,3.819718661007824156e-03,2.546479109434417187e-03,2.546479109434417187e-03,2.546479109434417187e-03,1.800632647023757849e-03,1.800632647023757849e-03,1.273239555345968875e-03,3.819718661007824156e-03,5.092958208808669868e-03,6.366197751579432892e-03,6.856604812898237956e-03,6.366197751579432892e-03,6.366197751579432892e-03,6.366197751579432892e-03,9.003163163982684861e-03,1.253995513006229794e-02,1.207901082877984276e-02,9.696703471944534761e-03,7.424198557507585144e-03,6.856604812898237956e-03,6.492273311470121190e-03,7.202530552526977686e-03,6.856604812898237956e-03,5.694100376981675593e-03,5.694100376981675593e-03,2.847050195520591312e-03,0.000000000000000000e+00,1.273239555345968875e-03,1.800632647023757849e-03,1.273239555345968875e-03,1.273239555345968875e-03,1.273239555345968875e-03,1.273239555345968875e-03,0.000000000000000000e+00,0.000000000000000000e+00,1.273239555345968875e-03,2.546479109434417187e-03,2.546479109434417187e-03,1.800632647023757849e-03,1.800632647023757849e-03
1.173868852298325972e-02,9.181460928418790426e-03,8.152711003213594307e-03,9.181460928418790426e-03,9.181460928418790426e-03,1.145915584721125639e-02,1.201171776772511426e-02,1.026518536238472078e-02,9.003163163982684861e-03,9.269323798954957200e-03,8.152711003213594307e-03,6.492273311470121190e-03,7.202530552526977686e-03,8.541150530323747547e-03,8.541150530323747547e-03,9.003163163982684861e-03,6.856604812898237956e-03,6.492273311470121190e-03,4.590730493680751124e-03,2.847050195520591312e-03,1.273239555345968875e-03,1.273239555345968875e-03,1.273239555345968875e-03,0.000000000000000000e+00,1.273239555345968875e-03,3.819718661007824156e-03,5.249701159579520451e-03,4.026336995948334371e-03,5.401897926844052150e-03,7.202530552526977686e-03,6.856604812898237956e-03,8.052673952130377788e-03,1.095282066633660595e-02,1.095282066633660595e-02,9.696703471944534761e-03,8.052673952130377788e-03,7.744813813456832841e-03,3.819718661007824156e-03,3.601265290490710241e-03,6.492273311470121190e-03,6.856604812898237956e-03,5.249701159579520451e-03,5.249701159579520451e-03,4.026336995948334371e-03,1.800632647023757849e-03,0.000000000000000000e+00,1.800632647023757849e-03,1.273239555345968875e-03,0.000000000000000000e+00,0.000000000000000000e+00,0.000000000000000000e+00,0.000000000000000000e+00,0.000000000000000000e+00,1.800632647023757849e-03,2.546479109434417187e-03,1.800632647023757849e-03,1.800632647023757849e-03,1.800632647023757849e-03
9.003163163982684861e-03,5.694100376981675593e-03,6.366197751579432892e-03,8.052673952130377788e-03,9.269323798954957200e-03,6.856604812898237956e-03,1.087856340063126509e-02,1.400563483215114605e-02,1.026518536238472251e-02,5.249701159579520451e-03,5.694100376981675593e-03,7.744813813456832841e-03,6.856604812898237956e-03,8.152711003213594307e-03,1.026518536238472078e-02,8.152711003213594307e-03,4.026336995948334371e-03,4.590730493680751124e-03,4.590730493680751124e-03,3.601265290490710241e-03,1.800632647023757849e-03,0.000000000000000000e+00,0.000000000000000000e+00,0.000000000000000000e+00,1.273239555345968875e-03,2.546479109434417187e-03,4.026336995948334371e-03,4.590730493680751124e-03,3.601265290490710241e-03,4.590730493680751124e-03,7.744813813456832841e-03,8.052673952130377788e-03,8.152711003213594307e-03,8.152711003213594307e-03,8.052673952130377788e-03,6.492273311470121190e-03,4.026336995948334371e-03,7.424198557507585144e-03,5.092958208808669868e-03,5.694100376981675593e-03,6.366197751579432892e-03,6.366197751579432892e-03,5.092958208808669868e-03,2.847050195520591312e-03,1.800632647023757849e-03,1.273239555345968875e-03,1.273239555345968875e-03,1.273239555345968875e-03,0.000000000000000000e+00,0.000000000000000000e+00,0.000000000000000000e+00,0.000000000000000000e+00,1.273239555345968875e-03,1.800632647023757849e-03,0.000000000000000000e+00,1.800632647023757849e-03,1.800632647023757849e-03,1.800632647023757849e-03
4.026336995948334371e-03,2.546479109434417187e-03,5.401897926844052150e-03,6.492273311470121190e-03,9.269323798954957200e-03,9.003163163982684861e-03,1.630542167629273412e-02,1.595364549186612316e-02,8.541150530323747547e-03,2.847050195520591312e-03,0.000000000000000000e+00,2.546479109434417187e-03,4.590730493680751124e-03,6.856604812898237956e-03,8.052673952130377788e-03,5.092958208808669868e-03,1.273239555345968875e-03,2.546479109434417187e-03,4.026336995948334371e-03,2.847050195520591312e-03,2.847050195520591312e-03,1.273239555345968875e-03,0.000000000000000000e+00,0.000000000000000000e+00,1.273239555345968875e-03,2.546479109434417187e-03,2.847050195520591312e-03,3.601265290490710241e-03,4.590730493680751124e-03,3.819718661007824156e-03,5.249701159579520451e-03,5.249701159579520451e-03,5.401897926844052150e-03,5.694100376981675593e-03,5.249701159579520451e-03,4.026336995948334371e-03,2.546479109434417187e-03,3.819718661007824156e-03,6.492273311470121190e-03,4.026336995948334371e-03,4.590730493680751124e-03,5.092958208808669868e-03,3.819718661007824156e-03,2.847050195520591312e-03,2.546479109434417187e-03,1.273239555345968875e-03,1.800632647023757849e-03,1.273239555345968875e-03,0.000000000000000000e+00,0.000000000000000000e+00,0.000000000000000000e+00,0.000000000000000000e+00,1.273239555345968875e-03,1.800632647023757849e-03,1.273239555345968875e-03,0.000000000000000000e+00,1.800632647023757849e-03,1.800632647023757849e-03
0.000000000000000000e+00,3.601265290490710241e-03,6.366197751579432892e-03,4.026336995948334371e-03,2.847050195520591312e-03,1.610534758613044529e-02,2.107586383921423653e-02,1.377219124527141042e-02,5.401897926844052150e-03,2.847050195520591312e-03,1.800632647023757849e-03,2.546479109434417187e-03,2.847050195520591312e-03,5.092958208808669868e-03,6.492273311470121190e-03,4.590730493680751124e-03,2.847050195520591312e-03,2.847050195520591312e-03,2.847050195520591312e-03,2.847050195520591312e-03,2.546479109434417187e-03,1.273239555345968875e-03,0.000000000000000000e+00,0.000000000000000000e+00,1.273239555345968875e-03,1.273239555345968875e-03,1.800632647023757849e-03,2.847050195520591312e-03,2.847050195520591312e-03,4.026336995948334371e-03,2.546479109434417187e-03,2.847050195520591312e-03,3.601265290490710241e-03,4.026336995948334371e-03,3.819718661007824156e-03,2.847050195520591312e-03,2.847050195520591312e-03,0.000000000000000000e+00,1.273239555345968875e-03,2.847050195520591312e-03,3.601265290490710241e-03,4.026336995948334371e-03,4.026336995948334371e-03,2.847050195520591312e-03,2.847050195520591312e-03,2.847050195520591312e-03,1.800632647023757849e-03,0.000000000000000000e+00,1.273239555345968875e-03,1.273239555345968875e-03,0.000000000000000000e+00,0.000000000000000000e+00,0.000000000000000000e+00,1.273239555345968875e-03,1.800632647023757849e-03,1.800632647023757849e-03,0.000000000000000000e+00,1.273239555345968875e-03
1.800632647023757849e-03,5.694100376981675593e-03,7.202530552526977686e-03,6.492273311470121190e-03,1.026518536238472251e-02,1.836292138529591403e-02,1.879915607646455086e-02,1.152967439303958889e-02,2.847050195520591312e-03,0.000000000000000000e+00,2.847050195520591312e-03,2.546479109434417187e-03,2.546479109434417187e-03,3.819718661007824156e-03,5.694100376981675593e-03,5.401897926844052150e-03,4.026336995948334371e-03,4.026336995948334371e-03,3.601265290490710241e-03,1.800632647023757849e-03,1.273239555345968875e-03,1.273239555345968875e-03,0.000000000000000000e+00,0.000000000000000000e+00,1.800632647023757849e-03,1.273239555345968875e-03,0.000000000000000000e+00,1.273239555345968875e-03,1.273239555345968875e-03,2.546479109434417187e-03,2.546479109434417187e-03,2.847050195520591312e-03,2.847050195520591312e-03,2.847050195520591312e-03,2.847050195520591312e-03,1.800632647023757849e-03,1.800632647023757849e-03,1.800632647023757849e-03,2.847050195520591312e-03,3.601265290490710241e-03,3.601265290490710241e-03,5.401897926844052150e-03,4.590730493680751124e-03,3.601265290490710241e-03,3.601265290490710241e-03,2.847050195520591312e-03,1.273239555345968875e-03,1.800632647023757849e-03,1.800632647023757849e-03,1.800632647023757849e-03,1.800632647023757849e-03,1.273239555345968875e-03,0.000000000000000000e+00,0.000000000000000000e+00,0.000000000000000000e+00,1.800632647023757849e-03,1.800632647023757849e-03,1.273239555345968875e-03
2.847050195520591312e-03,6.492273311470121190e-03,7.744813813456832841e-03,2.847050195520591312e-03,1.782535320267174955e-02,2.305934785231799483e-02,1.049940223101591096e-02,6.492273311470121190e-03,7.744813813456832841e-03,2.847050195520591312e-03,1.800632647023757849e-03,1.800632647023757849e-03,2.546479109434417187e-03,2.546479109434417187e-03,2.847050195520591312e-03,3.601265290490710241e-03,4.026336995948334371e-03,3.819718661007824156e-03,2.546479109434417187e-03,1.273239555345968875e-03,1.800632647023757849e-03,1.273239555345968875e-03,0.000000000000000000e+00,1.273239555345968875e-03,1.800632647023757849e-03,1.273239555345968875e-03,1.273239555345968875e-03,1.273239555345968875e-03,1.800632647023757849e-03,1.800632647023757849e-03,1.273239555345968875e-03,1.273239555345968875e-03,1.800632647023757849e-03,1.273239555345968875e-03,1.800632647023757849e-03,3.601265290490710241e-03,1.800632647023757849e-03,2.847050195520591312e-03,4.026336995948334371e-03,4.026336995948334371e-03,5.401897926844052150e-03,5.401897926844052150e-03,4.590730493680751124e-03,4.590730493680751124e-03,4.590730493680751124e-03,4.026336995948334371e-03,3.819718661007824156e-03,3.819718661007824156e-03,1.273239555345968875e-03,1.273239555345968875e-03,1.273239555345968875e-03,1.800632647023757849e-03,1.800632647023757849e-03,0.000000000000000000e+00,0.000000000000000000e+00,0.000000000000000000e+00,1.273239555345968875e-03,1.800632647023757849e-03
2.847050195520591312e-03,5.249701159579520451e-03,7.202530552526977686e-03,8.052673952130377788e-03,1.490288657615425685e-02,1.800632588336474951e-02,1.173868852298325972e-02,8.052673952130377788e-03,4.026336995948334371e-03,2.847050195520591312e-03,2.546479109434417187e-03,1.800632647023757849e-03,1.800632647023757849e-03,2.546479109434417187e-03,2.546479109434417187e-03,1.800632647023757849e-03,2.546479109434417187e-03,1.273239555345968875e-03,1.273239555345968875e-03,1.273239555345968875e-03,1.273239555345968875e-03,0.000000000000000000e+00,0.000000000000000000e+00,1.273239555345968875e-03,1.273239555345968875e-03,1.273239555345968875e-03,1.800632647023757849e-03,1.273239555345968875e-03,1.273239555345968875e-03,0.000000000000000000e+00,0.000000000000000000e+00,1.273239555345968875e-03,1.800632647023757849e-03,0.000000000000000000e+00,0.000000000000000000e+00,1.800632647023757849e-03,2.847050195520591312e-03,2.847050195520591312e-03,3.601265290490710241e-03,4.590730493680751124e-03,4.590730493680751124e-03,5.401897926844052150e-03,6.366197751579432892e-03,6.856604812898237956e-03,6.856604812898237956e-03,5.249701159579520451e-03,5.092958208808669868e-03,4.026336995948334371e-03,2.847050195520591312e-03,2.847050195520591312e-03,1.800632647023757849e-03,1.273239555345968875e-03,1.800632647023757849e-03,1.800632647023757849e-03,0.000000000000000000e+00,1.273239555345968875e-03,0.000000000000000000e+00,0.000000000000000000e+00
2.847050195520591312e-03,3.601265290490710241e-03,6.492273311470121190e-03,8.052673952130377788e-03,9.944318726276895129e-03,9.003163163982684861e-03,8.152711003213594307e-03,6.492273311470121190e-03,2.847050195520591312e-03,2.847050195520591312e-03,1.800632647023757849e-03,2.546479109434417187e-03,1.800632647023757849e-03,1.273239555345968875e-03,1.273239555345968875e-03,1.273239555345968875e-03,1.800632647023757849e-03,1.800632647023757849e-03,1.273239555345968875e-03,1.273239555345968875e-03,0.000000000000000000e+00,0.000000000000000000e+00,0.000000000000000000e+00,0.000000000000000000e+00,0.000000000000000000e+00,0.000000000000000000e+00,1.800632647023757849e-03,1.273239555345968875e-03,0.000000000000000000e+00,0.000000000000000000e+00,0.000000000000000000e+00,1.273239555345968875e-03,1.800632647023757849e-03,0.000000000000000000e+00,1.273239555345968875e-03,1.273239555345968875e-03,2.546479109434417187e-03,2.847050195520591312e-03,3.601265290490710241e-03,3.601265290490710241e-03,5.401897926844052150e-03,7.202530552526977686e-03,7.202530552526977686e-03,7.424198557507585144e-03,6.492273311470121190e-03,5.092958208808669868e-03,5.249701159579520451e-03,4.590730493680751124e-03,2.847050195520591312e-03,1.800632647023757849e-03,2.847050195520591312e-03,1.800632647023757849e-03,1.273239555345968875e-03,1.800632647023757849e-03,1.273239555345968875e-03,0.000000000000000000e+00,1.800632647023757849e-03,0.000000000000000000e+00
1.800632647023757849e-03,2.546479109434417187e-03,3.819718661007824156e-03,4.590730493680751124e-03,5.694100376981675593e-03,5.249701159579520451e-03,3.601265290490710241e-03,4.026336995948334371e-03,2.546479109434417187e-03,1.800632647023757849e-03,1.273239555345968875e-03,1.800632647023757849e-03,1.273239555345968875e-03,1.273239555345968875e-03,1.273239555345968875e-03,0.000000000000000000e+00,0.000000000000000000e+00,1.273239555345968875e-03,1.273239555345968875e-03,1.800632647023757849e-03,1.800632647023757849e-03,0.000000000000000000e+00,0.000000000000000000e+00,1.273239555345968875e-03,0.000000000000000000e+00,1.273239555345968875e-03,1.800632647023757849e-03,1.273239555345968875e-03,0.000000000000000000e+00,0.000000000000000000e+00,0.000000000000000000e+00,0.000000000000000000e+00,1.800632647023757849e-03,1.273239555345968875e-03,1.800632647023757849e-03,1.273239555345968875e-03,1.273239555345968875e-03,2.847050195520591312e-03,3.601265290490710241e-03,4.590730493680751124e-03,6.366197751579432892e-03,6.366197751579432892e-03,6.366197751579432892e-03,5.401897926844052150e-03,5.249701159579520451e-03,5.092958208808669868e-03,4.026336995948334371e-03,5.401897926844052150e-03,4.590730493680751124e-03,1.800632647023757849e-03,1.800632647023757849e-03,2.546479109434417187e-03,1.800632647023757849e-03,0.000000000000000000e+00,1.800632647023757849e-03,0.000000000000000000e+00,1.273239555345968875e-03,1.800632647023757849e-03
2.546479109434417187e-03,2.546479109434417187e-03,2.546479109434417187e-03,2.847050195520591312e-03,2.847050195520591312e-03,4.026336995948334371e-03,3.601265290490710241e-03,1.800632647023757849e-03,2.847050195520591312e-03,1.273239555345968875e-03,1.800632647023757849e-03,1.800632647023757849e-03,0.000000000000000000e+00,1.273239555345968875e-03,1.273239555345968875e-03,0.000000000000000000e+00,0.000000000000000000e+00,0.000000000000000000e+00,0.000000000000000000e+00,0.000000000000000000e+00,1.800632647023757849e-03,1.273239555345968875e-03,0.000000000000000000e+00,0.000000000000000000e+00,1.273239555345968875e-03,1.273239555345968875e-03,1.800632647023757849e-03,0.000000000000000000e+00,0.000000000000000000e+00,0.000000000000000000e+00,0.000000000000000000e+00,0.000000000000000000e+00,0.000000000000000000e+00,1.273239555345968875e-03,0.000000000000000000e+00,1.273239555345968875e-03,1.800632647023757849e-03,3.601265290490710241e-03,3.601265290490710241e-03,4.590730493680751124e-03,5.694100376981675593e-03,5.694100376981675593e-03,5.694100376981675593e-03,5.694100376981675593e-03,3.601265290490710241e-03,2.847050195520591312e-03,2.847050195520591312e-03,4.026336995948334371e-03,4.026336995948334371e-03,2.847050195520591312e-03,2.546479109434417187e-03,1.800632647023757849e-03,1.800632647023757849e-03,1.273239555345968875e-03,0.000000000000000000e+00,1.273239555345968875e-03,0.000000000000000000e+00,1.800632647023757849e-03
